{"stats":{"minecraft:broken":{"minecraft:iron_boots":1,"minecraft:stone_pickaxe":3,"blue_skies:aquite_helmet":1,"blue_skies:pyrope_pickaxe":1,"blue_skies:turquoise_stone_pickaxe":1,"minecraft:wooden_pickaxe":1,"minecraft:shield":1,"minecraft:iron_helmet":1},"minecraft:mined":{"minecraft:white_bed":1,"blue_skies:bluebright_leaves":1,"blue_skies:moonstone":1,"paraglider:rito_goddess_statue":1,"blue_skies:snowcap_pinhead":1,"minecraft:brewing_stand":1,"blue_skies:taratite":3,"minecraft:granite":1,"minecraft:grass_block":4,"blue_skies:brewberry_bush":3,"blue_skies:everbright_aquite_ore":69,"blue_skies:frostbright_vine":2,"blue_skies:rimestone":2,"minecraft:spawner":6,"minecraft:tall_seagrass":1,"blue_skies:snowcap_oven":4,"blue_skies:blue_fire":6,"minecraft:iron_ore":85,"minecraft:fire":41,"minecraft:fletching_table":1,"blue_skies:camellia":1,"blue_skies:turquoise_stone":225,"blue_skies:turquoise_stonebrick":3,"minecraft:kelp_plant":2,"minecraft:torch":22,"minecraft:chest":3,"blue_skies:bluebright_crafting_table":1,"minecraft:cobblestone":8,"blue_skies:maple_crafting_table":1,"minecraft:wall_torch":28,"minecraft:birch_log":1,"minecraft:wheat":4,"minecraft:grass":26,"minecraft:oak_log":26,"minecraft:beetroots":2,"minecraft:dirt":9,"minecraft:oak_leaves":27,"blue_skies:everbright_pyrope_ore":98,"blue_skies:coarse_turquoise_dirt":6,"minecraft:kelp":1,"minecraft:furnace":13,"minecraft:carrots":4,"minecraft:andesite":11,"blue_skies:everbright_moonstone_ore":18,"minecraft:potatoes":1,"blue_skies:turquoise_cobblestone":16,"blue_skies:turquoise_dripstone":1,"minecraft:packed_ice":7,"minecraft:stone":262,"sophisticatedbackpacks:backpack":1,"minecraft:white_wool":1,"blue_skies:tall_turquoise_grass":2,"minecraft:light_gray_carpet":3,"blue_skies:turquoise_grass":27,"blue_skies:frostbright_leaves":1,"minecraft:crafting_table":7,"minecraft:rose_bush":1,"minecraft:tall_grass":3,"minecraft:lapis_ore":4,"blue_skies:snowcap_mushroom_block":2,"blue_skies:cracked_turquoise_stonebrick":1,"blue_skies:falsite_ore":15,"blue_skies:turquoise_grass_block":8,"blue_skies:everbright_diopside_ore":1,"minecraft:ice":4,"minecraft:white_carpet":9,"blue_skies:ventium_ore":49,"minecraft:coal_ore":120,"blue_skies:turquoise_dirt":19,"minecraft:gravel":3},"minecraft:crafted":{"minecraft:oak_planks":88,"blue_skies:aquite_chestplate":1,"blue_skies:turquoise_stone_pickaxe":1,"spartanweaponry:battleaxe_stone":1,"minecraft:cooked_mutton":19,"blue_skies:aquite_helmet":1,"minecraft:iron_boots":1,"blue_skies:aquite_pickaxe":1,"blue_skies:pyrope_leggings":1,"spartanweaponry:greatsword_iron":1,"blue_skies:pyrope_sword":1,"blue_skies:aquite_leggings":1,"sophisticatedbackpacks:backpack":1,"minecraft:cooked_porkchop":22,"minecraft:crafting_table":8,"blue_skies:pyrope_helmet":1,"spartanweaponry:hammer_iron":1,"blue_skies:aquite_sword":1,"minecraft:wooden_pickaxe":1,"minecraft:iron_helmet":2,"blue_skies:aquite_axe":1,"minecraft:iron_chestplate":2,"minecraft:shield":2,"blue_skies:pyrope_pickaxe":2,"minecraft:stick":52,"minecraft:iron_ingot":61,"blue_skies:aquite_boots":1,"minecraft:iron_pickaxe":1,"minecraft:furnace":4,"minecraft:pink_dye":1,"minecraft:flint_and_steel":1,"blue_skies:turquoise_stone_sword":1,"minecraft:stone_pickaxe":4,"blue_skies:pyrope_boots":1,"minecraft:cooked_beef":47,"blue_skies:pyrope_chestplate":1,"spartanweaponry:handle":16,"minecraft:stone_axe":1,"minecraft:air":0,"minecraft:iron_leggings":2,"minecraft:white_bed":1,"blue_skies:aquite_gem":35},"minecraft:used":{"blue_skies:aquite_sword":131,"minecraft:chest":1,"minecraft:shield":47,"minecraft:rotten_flesh":6,"blue_skies:turquoise_dripstone":4,"minecraft:packed_ice":16,"carryon:tile_item":3,"blue_skies:aquite_pickaxe":84,"minecraft:bow":14,"minecraft:furnace":14,"minecraft:oak_sapling":5,"blue_skies:turquoise_stone_pickaxe":244,"blue_skies:pyrope_sword":134,"minecraft:stone_pickaxe":420,"minecraft:wooden_pickaxe":59,"blue_skies:turquoise_cobblestone":215,"minecraft:white_wool":4,"blue_skies:aquite_axe":119,"blue_skies:brewberry":17,"sophisticatedbackpacks:backpack":1,"blue_skies:cooked_carabeef":30,"tombstone:grave_key":6,"blue_skies:everbright_aquite_ore":2,"minecraft:ice":4,"spartanweaponry:battleaxe_stone":17,"minecraft:rose_bush":1,"minecraft:flint_and_steel":50,"minecraft:light_gray_carpet":3,"spartanweaponry:greatsword_iron":175,"blue_skies:turquoise_stone_sword":97,"minecraft:torch":47,"minecraft:dirt":5,"blue_skies:turquoise_dirt":12,"spartanweaponry:hammer_iron":115,"blue_skies:zeal_lighter":6,"carryon:entity_item":13,"paraglider:rito_goddess_statue":2,"blue_skies:coarse_turquoise_dirt":3,"tombstone:gift":4,"minecraft:cooked_beef":49,"minecraft:cooked_mutton":21,"minecraft:fletching_table":1,"minecraft:crafting_table":14,"minecraft:white_bed":2,"minecraft:apple":21,"minecraft:iron_pickaxe":26,"blue_skies:snowcap_oven":2,"minecraft:stone_axe":81,"minecraft:cobblestone":289,"blue_skies:pyrope_pickaxe":218,"minecraft:cooked_porkchop":23,"minecraft:porkchop":4,"minecraft:yellow_bed":1,"minecraft:kelp":4},"minecraft:picked_up":{"minecraft:enchanted_book":2,"blue_skies:turquoise_dripstone":8,"tombstone:grave_key":1,"minecraft:brewing_stand":1,"minecraft:string":11,"blue_skies:turquoise_stone_sword":1,"blue_skies:glowing_blinding_stone":2,"minecraft:rose_bush":1,"blue_skies:snowcap_oven":4,"blue_skies:ventium_ore":43,"minecraft:furnace":13,"minecraft:stick":8,"blue_skies:azulfo_horn":4,"minecraft:torch":57,"minecraft:porkchop":27,"tombstone:grave_dust":2,"minecraft:rotten_flesh":16,"blue_skies:falsite_ore":15,"minecraft:cobblestone":325,"spartanweaponry:handle":1,"minecraft:cooked_beef":5,"minecraft:feather":1,"minecraft:andesite":10,"blue_skies:brewberry":17,"minecraft:potato":1,"paraglider:spirit_orb":12,"minecraft:flint":1,"minecraft:lapis_lazuli":24,"minecraft:dirt":49,"minecraft:bone":15,"minecraft:bow":3,"minecraft:wheat_seeds":7,"blue_skies:camellia":1,"blue_skies:coarse_turquoise_dirt":8,"minecraft:fletching_table":1,"blue_skies:diopside_gem":1,"blue_skies:snowcap_pinhead":17,"minecraft:cooked_porkchop":1,"blue_skies:cracked_turquoise_stonebrick":1,"minecraft:sand":1,"blue_skies:pine_fruit_seeds":3,"blue_skies:pyrope_leggings":1,"blue_skies:blinding_stone":3,"minecraft:granite":1,"blue_skies:turquoise_stonebrick":1,"minecraft:emerald":1,"blue_skies:cooked_carabeef":33,"minecraft:oak_sapling":9,"minecraft:light_gray_carpet":3,"minecraft:crafting_table":7,"minecraft:azure_bluet":1,"blue_skies:star_flare":3,"minecraft:packed_ice":29,"minecraft:shield":2,"blue_skies:municipal_monkfish":1,"minecraft:flint_and_steel":2,"paraglider:rito_goddess_statue":2,"minecraft:beef":45,"minecraft:chest":3,"minecraft:egg":2,"blue_skies:brewberry_bush":3,"sophisticatedbackpacks:backpack":2,"blue_skies:carabeef":13,"minecraft:carrot":5,"spartanweaponry:hammer_iron":1,"minecraft:arrow":12,"minecraft:beetroot_seeds":2,"blue_skies:pyrope_helmet":1,"blue_skies:moonstone_shard":40,"minecraft:mutton":26,"minecraft:white_wool":17,"minecraft:leather":32,"minecraft:ice":4,"minecraft:oak_log":22,"blue_skies:turquoise_cobblestone":289,"minecraft:yellow_bed":1,"minecraft:gunpowder":2,"minecraft:cooked_mutton":2,"blue_skies:soul_fragment":8,"blue_skies:pyrope_gem":100,"minecraft:apple":1,"minecraft:kelp":4,"blue_skies:aquite_axe":1,"blue_skies:taratite":6,"minecraft:iron_ingot":58,"minecraft:iron_ore":87,"minecraft:glass_bottle":2,"blue_skies:turquoise_dirt":18,"minecraft:gravel":2,"blue_skies:turquoise_stone_pickaxe":1,"minecraft:white_bed":1,"blue_skies:everbright_aquite_ore":71,"minecraft:spider_eye":3,"blue_skies:aquite_sword":1,"blue_skies:zeal_lighter":1,"minecraft:iron_helmet":2,"minecraft:coal":477,"minecraft:ender_pearl":1},"minecraft:custom":{"minecraft:interact_with_crafting_table":85,"minecraft:open_barrel":4,"minecraft:bell_ring":8,"minecraft:interact_with_keystone":11,"minecraft:leave_game":6,"minecraft:time_since_death":74024,"minecraft:sprint_one_cm":625756,"minecraft:damage_blocked_by_shield":1795,"minecraft:drop":140,"minecraft:talked_to_villager":5,"minecraft:deaths":21,"minecraft:jump":6257,"minecraft:interact_with_brewingstand":1,"minecraft:walk_on_water_one_cm":95502,"minecraft:interact_with_furnace":117,"minecraft:play_one_minute":357488,"minecraft:sleep_in_bed":9,"minecraft:damage_dealt":32231,"minecraft:crouch_one_cm":86191,"tombstone:undead_killed":30,"minecraft:horse_one_cm":690720,"minecraft:interact_with_smithing_table":2,"minecraft:mob_kills":191,"minecraft:damage_dealt_resisted":49,"minecraft:climb_one_cm":11389,"minecraft:walk_one_cm":1146999,"minecraft:interact_with_snowcap_oven":52,"minecraft:sneak_time":30808,"minecraft:walk_under_water_one_cm":88757,"minecraft:boat_one_cm":148675,"minecraft:interact_with_blast_furnace":2,"tombstone:raider_killed":2,"minecraft:time_since_rest":73406,"minecraft:damage_taken":17747,"minecraft:damage_absorbed":113,"minecraft:swim_one_cm":96225,"minecraft:fly_one_cm":792712,"minecraft:open_chest":39,"minecraft:fall_one_cm":150316},"minecraft:killed_by":{"mowziesmobs:naga":3,"blue_skies:polargeist":3,"minecraft:drowned":2,"minecraft:vindicator":2,"blue_skies:summoner":5,"minecraft:player":2,"blue_skies:artificial_golem":1,"minecraft:skeleton":1},"minecraft:dropped":{"minecraft:cooked_beef":3,"minecraft:glass_bottle":2,"spartanweaponry:battleaxe_stone":1,"blue_skies:aquite_sword":1,"minecraft:dirt":1,"blue_skies:turquoise_stone_pickaxe":1,"minecraft:packed_ice":8,"blue_skies:turquoise_cobblestone":29,"blue_skies:snowcap_pinhead":17,"minecraft:white_wool":10,"blue_skies:brewberry_bush":3,"minecraft:bone":12,"minecraft:gravel":2,"minecraft:stone_axe":1,"blue_skies:cooked_carabeef":2,"blue_skies:turquoise_dirt":6,"blue_skies:soul_fragment":8,"minecraft:pink_dye":1,"minecraft:rotten_flesh":10,"minecraft:oak_planks":1,"blue_skies:pine_fruit_seeds":3,"minecraft:azure_bluet":1,"minecraft:carrot":1,"blue_skies:turquoise_dripstone":2,"minecraft:gunpowder":2,"minecraft:beetroot_seeds":2,"minecraft:chest":1,"blue_skies:carabeef":8,"minecraft:egg":2,"minecraft:enchanted_book":3,"minecraft:iron_ingot":10,"spartanweaponry:handle":1,"minecraft:wheat_seeds":7,"minecraft:iron_helmet":2,"spartanweaponry:hammer_iron":1,"minecraft:granite":1,"minecraft:coal":30,"minecraft:brewing_stand":1,"blue_skies:pyrope_leggings":2,"tombstone:grave_key":1,"blue_skies:turquoise_stone_sword":2,"tombstone:grave_dust":4,"minecraft:iron_leggings":2,"minecraft:paper":8,"minecraft:string":4,"minecraft:furnace":1,"blue_skies:pyrope_chestplate":1,"blue_skies:cryo_root":10,"blue_skies:taratite":6,"sophisticatedbackpacks:backpack":1,"blue_skies:coarse_turquoise_dirt":5,"blue_skies:blinding_key":1,"minecraft:flint_and_steel":2,"minecraft:shield":1,"minecraft:iron_chestplate":2,"minecraft:andesite":10,"minecraft:oak_sapling":4,"minecraft:spider_eye":3,"minecraft:bow":3},"minecraft:killed":{"blue_skies:armored_frost_spirit":41,"minecraft:witch":1,"blue_skies:frost_spirit":5,"minecraft:spider":8,"blue_skies:azulfo":11,"minecraft:skeleton":9,"blue_skies:diophyde_prowler":2,"blue_skies:shrumpty":7,"minecraft:pig":12,"minecraft:iron_golem":1,"minecraft:sheep":9,"minecraft:zombie":18,"minecraft:stray":1,"minecraft:cow":21,"blue_skies:snow_owl":1,"minecraft:vindicator":1,"minecraft:horse":6,"minecraft:drowned":1,"blue_skies:polargeist":1,"blue_skies:artificial_golem":10,"blue_skies:stardust_ram":9,"minecraft:enderman":1}},"DataVersion":2586}