{"stats":{"minecraft:broken":{"minecraft:iron_boots":1,"blue_skies:pyrope_pickaxe":1,"blue_skies:turquoise_stone_pickaxe":1,"minecraft:wooden_pickaxe":1,"minecraft:stone_pickaxe":3,"minecraft:shield":1,"minecraft:iron_helmet":1,"blue_skies:aquite_helmet":1},"minecraft:crafted":{"minecraft:oak_planks":88,"blue_skies:aquite_chestplate":1,"blue_skies:turquoise_stone_pickaxe":1,"minecraft:furnace":4,"minecraft:pink_dye":1,"spartanweaponry:battleaxe_stone":1,"minecraft:cooked_mutton":19,"minecraft:flint_and_steel":1,"blue_skies:aquite_helmet":1,"minecraft:iron_boots":1,"blue_skies:turquoise_stone_sword":1,"blue_skies:aquite_pickaxe":1,"minecraft:stone_pickaxe":4,"blue_skies:pyrope_leggings":1,"spartanweaponry:greatsword_iron":1,"blue_skies:pyrope_boots":1,"blue_skies:pyrope_sword":1,"minecraft:cooked_beef":47,"sophisticatedbackpacks:backpack":1,"blue_skies:aquite_leggings":1,"minecraft:cooked_porkchop":22,"blue_skies:pyrope_helmet":1,"minecraft:crafting_table":8,"spartanweaponry:hammer_iron":1,"blue_skies:aquite_sword":1,"minecraft:iron_helmet":2,"minecraft:wooden_pickaxe":1,"blue_skies:pyrope_chestplate":1,"spartanweaponry:handle":16,"blue_skies:aquite_axe":1,"minecraft:stone_axe":1,"minecraft:air":0,"minecraft:iron_chestplate":2,"minecraft:shield":2,"blue_skies:pyrope_pickaxe":2,"minecraft:stick":52,"blue_skies:aquite_boots":1,"minecraft:iron_ingot":61,"minecraft:iron_pickaxe":1,"minecraft:iron_leggings":2,"minecraft:white_bed":1,"blue_skies:aquite_gem":35},"minecraft:mined":{"minecraft:white_bed":1,"blue_skies:bluebright_leaves":1,"paraglider:rito_goddess_statue":1,"blue_skies:snowcap_pinhead":1,"minecraft:brewing_stand":1,"minecraft:granite":1,"blue_skies:taratite":3,"blue_skies:coarse_turquoise_dirt":6,"blue_skies:brewberry_bush":3,"minecraft:grass_block":4,"blue_skies:everbright_aquite_ore":69,"blue_skies:frostbright_vine":2,"blue_skies:rimestone":2,"minecraft:kelp":1,"minecraft:spawner":6,"minecraft:tall_seagrass":1,"blue_skies:snowcap_oven":4,"blue_skies:blue_fire":6,"minecraft:furnace":13,"minecraft:iron_ore":85,"minecraft:fire":40,"minecraft:andesite":11,"blue_skies:everbright_moonstone_ore":18,"minecraft:fletching_table":1,"blue_skies:turquoise_cobblestone":16,"blue_skies:turquoise_dripstone":1,"minecraft:packed_ice":7,"minecraft:stone":262,"sophisticatedbackpacks:backpack":1,"minecraft:white_wool":1,"blue_skies:tall_turquoise_grass":2,"blue_skies:camellia":1,"blue_skies:turquoise_stonebrick":3,"blue_skies:turquoise_stone":225,"blue_skies:turquoise_grass":27,"minecraft:kelp_plant":2,"blue_skies:frostbright_leaves":1,"minecraft:crafting_table":7,"minecraft:torch":21,"minecraft:chest":3,"minecraft:rose_bush":1,"minecraft:tall_grass":3,"minecraft:cobblestone":8,"blue_skies:maple_crafting_table":1,"minecraft:lapis_ore":4,"blue_skies:snowcap_mushroom_block":2,"blue_skies:cracked_turquoise_stonebrick":1,"minecraft:wall_torch":24,"blue_skies:falsite_ore":15,"blue_skies:turquoise_grass_block":8,"blue_skies:everbright_diopside_ore":1,"minecraft:birch_log":1,"minecraft:ice":4,"blue_skies:ventium_ore":49,"minecraft:grass":26,"minecraft:coal_ore":120,"minecraft:oak_log":26,"blue_skies:turquoise_dirt":19,"minecraft:gravel":3,"minecraft:dirt":8,"minecraft:oak_leaves":22,"blue_skies:everbright_pyrope_ore":98},"minecraft:used":{"blue_skies:aquite_sword":131,"spartanweaponry:battleaxe_stone":17,"minecraft:rose_bush":1,"minecraft:flint_and_steel":49,"minecraft:chest":1,"minecraft:shield":47,"spartanweaponry:greatsword_iron":175,"blue_skies:turquoise_stone_sword":97,"minecraft:rotten_flesh":6,"minecraft:torch":41,"minecraft:dirt":3,"blue_skies:turquoise_dirt":12,"spartanweaponry:hammer_iron":115,"blue_skies:turquoise_dripstone":4,"blue_skies:zeal_lighter":4,"minecraft:packed_ice":16,"carryon:entity_item":13,"blue_skies:aquite_pickaxe":84,"carryon:tile_item":3,"paraglider:rito_goddess_statue":2,"minecraft:bow":14,"minecraft:oak_sapling":5,"minecraft:furnace":14,"blue_skies:coarse_turquoise_dirt":3,"tombstone:gift":4,"blue_skies:turquoise_stone_pickaxe":244,"minecraft:cooked_beef":49,"minecraft:cooked_mutton":21,"minecraft:stone_pickaxe":420,"blue_skies:pyrope_sword":134,"blue_skies:turquoise_cobblestone":199,"minecraft:wooden_pickaxe":59,"minecraft:fletching_table":1,"minecraft:white_wool":4,"minecraft:crafting_table":14,"minecraft:white_bed":2,"blue_skies:aquite_axe":87,"blue_skies:brewberry":17,"sophisticatedbackpacks:backpack":1,"minecraft:apple":21,"minecraft:iron_pickaxe":26,"blue_skies:snowcap_oven":2,"blue_skies:cooked_carabeef":26,"tombstone:grave_key":6,"blue_skies:everbright_aquite_ore":2,"minecraft:stone_axe":81,"minecraft:cobblestone":289,"blue_skies:pyrope_pickaxe":218,"minecraft:porkchop":4,"minecraft:cooked_porkchop":23,"minecraft:ice":4,"minecraft:yellow_bed":1,"minecraft:kelp":4},"minecraft:picked_up":{"minecraft:crafting_table":7,"minecraft:azure_bluet":1,"blue_skies:star_flare":3,"minecraft:packed_ice":29,"minecraft:enchanted_book":2,"blue_skies:turquoise_dripstone":8,"tombstone:grave_key":1,"minecraft:brewing_stand":1,"minecraft:shield":2,"blue_skies:municipal_monkfish":1,"minecraft:string":11,"blue_skies:turquoise_stone_sword":1,"minecraft:flint_and_steel":2,"blue_skies:glowing_blinding_stone":2,"paraglider:rito_goddess_statue":2,"minecraft:beef":45,"minecraft:rose_bush":1,"blue_skies:snowcap_oven":4,"blue_skies:ventium_ore":43,"minecraft:chest":3,"minecraft:furnace":13,"minecraft:egg":2,"minecraft:stick":8,"blue_skies:azulfo_horn":4,"blue_skies:brewberry_bush":3,"minecraft:torch":52,"sophisticatedbackpacks:backpack":2,"minecraft:porkchop":27,"blue_skies:carabeef":13,"tombstone:grave_dust":2,"spartanweaponry:hammer_iron":1,"minecraft:arrow":12,"minecraft:rotten_flesh":16,"blue_skies:falsite_ore":15,"blue_skies:pyrope_helmet":1,"blue_skies:moonstone_shard":40,"minecraft:mutton":26,"minecraft:white_wool":17,"minecraft:cobblestone":325,"minecraft:feather":1,"minecraft:cooked_beef":5,"minecraft:andesite":10,"blue_skies:brewberry":17,"minecraft:leather":32,"minecraft:ice":4,"paraglider:spirit_orb":12,"minecraft:flint":1,"blue_skies:turquoise_cobblestone":276,"minecraft:oak_log":22,"minecraft:yellow_bed":1,"minecraft:gunpowder":2,"minecraft:lapis_lazuli":24,"minecraft:dirt":44,"blue_skies:soul_fragment":8,"minecraft:cooked_mutton":2,"minecraft:bone":15,"blue_skies:aquite_axe":1,"minecraft:apple":1,"minecraft:kelp":4,"blue_skies:pyrope_gem":100,"minecraft:bow":3,"minecraft:wheat_seeds":1,"blue_skies:taratite":6,"minecraft:iron_ingot":58,"blue_skies:camellia":1,"minecraft:iron_ore":87,"blue_skies:coarse_turquoise_dirt":8,"minecraft:fletching_table":1,"minecraft:glass_bottle":2,"blue_skies:diopside_gem":1,"blue_skies:snowcap_pinhead":17,"minecraft:cooked_porkchop":1,"blue_skies:cracked_turquoise_stonebrick":1,"blue_skies:turquoise_dirt":18,"minecraft:gravel":2,"minecraft:sand":1,"blue_skies:turquoise_stone_pickaxe":1,"minecraft:white_bed":1,"blue_skies:everbright_aquite_ore":71,"minecraft:spider_eye":3,"blue_skies:aquite_sword":1,"blue_skies:zeal_lighter":1,"blue_skies:pine_fruit_seeds":3,"blue_skies:pyrope_leggings":1,"minecraft:iron_helmet":2,"blue_skies:blinding_stone":3,"minecraft:granite":1,"blue_skies:turquoise_stonebrick":1,"minecraft:emerald":1,"blue_skies:cooked_carabeef":33,"minecraft:oak_sapling":9,"minecraft:coal":477,"minecraft:ender_pearl":1},"minecraft:custom":{"minecraft:interact_with_smithing_table":2,"minecraft:mob_kills":189,"minecraft:interact_with_crafting_table":84,"minecraft:open_barrel":1,"minecraft:bell_ring":8,"minecraft:interact_with_keystone":11,"minecraft:damage_dealt_resisted":49,"minecraft:leave_game":5,"minecraft:time_since_death":50301,"minecraft:climb_one_cm":10424,"minecraft:sprint_one_cm":594329,"minecraft:walk_one_cm":1100329,"minecraft:damage_blocked_by_shield":1795,"minecraft:drop":135,"minecraft:interact_with_snowcap_oven":52,"minecraft:talked_to_villager":3,"minecraft:sneak_time":30144,"minecraft:deaths":21,"minecraft:walk_under_water_one_cm":79367,"minecraft:jump":6065,"minecraft:interact_with_brewingstand":1,"minecraft:interact_with_blast_furnace":2,"minecraft:walk_on_water_one_cm":90890,"minecraft:interact_with_furnace":115,"tombstone:raider_killed":2,"minecraft:play_one_minute":333765,"minecraft:sleep_in_bed":9,"minecraft:time_since_rest":49683,"minecraft:damage_taken":17511,"minecraft:damage_absorbed":113,"minecraft:damage_dealt":32112,"minecraft:swim_one_cm":92182,"minecraft:fly_one_cm":741110,"minecraft:open_chest":33,"minecraft:crouch_one_cm":84629,"tombstone:undead_killed":29,"minecraft:fall_one_cm":147011,"minecraft:horse_one_cm":142815},"minecraft:killed_by":{"mowziesmobs:naga":3,"minecraft:player":2,"blue_skies:polargeist":3,"minecraft:drowned":2,"blue_skies:artificial_golem":1,"minecraft:vindicator":2,"blue_skies:summoner":5,"minecraft:skeleton":1},"minecraft:dropped":{"minecraft:enchanted_book":3,"minecraft:iron_ingot":10,"spartanweaponry:handle":1,"minecraft:wheat_seeds":1,"minecraft:cooked_beef":3,"minecraft:glass_bottle":2,"spartanweaponry:battleaxe_stone":1,"minecraft:iron_helmet":2,"blue_skies:aquite_sword":1,"spartanweaponry:hammer_iron":1,"minecraft:granite":1,"minecraft:coal":30,"minecraft:dirt":1,"blue_skies:turquoise_stone_pickaxe":1,"minecraft:packed_ice":8,"blue_skies:pyrope_leggings":2,"minecraft:brewing_stand":1,"blue_skies:turquoise_cobblestone":29,"tombstone:grave_key":1,"blue_skies:turquoise_stone_sword":2,"tombstone:grave_dust":4,"minecraft:iron_leggings":2,"blue_skies:snowcap_pinhead":17,"minecraft:paper":8,"minecraft:string":4,"minecraft:white_wool":10,"blue_skies:brewberry_bush":3,"minecraft:bone":12,"minecraft:gravel":2,"minecraft:furnace":1,"minecraft:stone_axe":1,"blue_skies:pyrope_chestplate":1,"blue_skies:turquoise_dirt":6,"blue_skies:soul_fragment":8,"minecraft:pink_dye":1,"blue_skies:cryo_root":10,"minecraft:rotten_flesh":10,"blue_skies:taratite":6,"minecraft:oak_planks":1,"blue_skies:pine_fruit_seeds":3,"sophisticatedbackpacks:backpack":1,"blue_skies:coarse_turquoise_dirt":5,"blue_skies:blinding_key":1,"minecraft:azure_bluet":1,"minecraft:flint_and_steel":2,"blue_skies:turquoise_dripstone":2,"minecraft:shield":1,"minecraft:gunpowder":2,"minecraft:iron_chestplate":2,"minecraft:andesite":10,"minecraft:oak_sapling":4,"minecraft:chest":1,"minecraft:spider_eye":3,"minecraft:bow":3,"blue_skies:carabeef":8,"minecraft:egg":2},"minecraft:killed":{"blue_skies:armored_frost_spirit":41,"blue_skies:frost_spirit":5,"minecraft:witch":1,"blue_skies:snow_owl":1,"minecraft:vindicator":1,"minecraft:spider":8,"blue_skies:azulfo":11,"minecraft:horse":6,"minecraft:skeleton":9,"blue_skies:diophyde_prowler":2,"minecraft:drowned":1,"blue_skies:shrumpty":7,"blue_skies:polargeist":1,"blue_skies:artificial_golem":10,"minecraft:pig":12,"minecraft:iron_golem":1,"minecraft:sheep":9,"minecraft:zombie":18,"blue_skies:stardust_ram":9,"minecraft:enderman":1,"minecraft:cow":21}},"DataVersion":2586}