{"stats":{"minecraft:crafted":{"minecraft:oak_planks":132,"blue_skies:aquite_chestplate":1,"blue_skies:turquoise_stone_pickaxe":1,"minecraft:cobblestone_stairs":4,"minecraft:cooked_mutton":24,"spartanweaponry:battleaxe_stone":1,"minecraft:spruce_pressure_plate":4,"blue_skies:aquite_helmet":1,"minecraft:iron_boots":2,"blue_skies:aquite_pickaxe":1,"minecraft:chest":7,"blue_skies:pyrope_leggings":2,"spartanweaponry:greatsword_iron":1,"blue_skies:pyrope_sword":1,"minecraft:smoker":1,"blue_skies:aquite_leggings":1,"sophisticatedbackpacks:backpack":1,"minecraft:cooked_porkchop":22,"blue_skies:pyrope_helmet":2,"minecraft:crafting_table":10,"spartanweaponry:hammer_iron":1,"minecraft:spruce_planks":80,"blue_skies:aquite_sword":1,"minecraft:iron_helmet":3,"minecraft:wooden_pickaxe":1,"minecraft:baked_potato":86,"blue_skies:aquite_axe":1,"blue_skies:tool_box":2,"minecraft:wooden_hoe":1,"minecraft:iron_chestplate":3,"blue_skies:diopside_sword":1,"minecraft:shield":2,"blue_skies:pyrope_pickaxe":6,"minecraft:stick":60,"minecraft:iron_ingot":90,"blue_skies:aquite_boots":1,"minecraft:iron_pickaxe":1,"minecraft:stone_sword":1,"minecraft:stone_shovel":1,"blue_skies:falsite_ingot":15,"minecraft:furnace":5,"minecraft:bone_meal":9,"minecraft:pink_dye":1,"minecraft:flint_and_steel":1,"blue_skies:cooked_carabeef":5,"blue_skies:turquoise_stone_sword":1,"minecraft:stone_pickaxe":4,"blue_skies:pyrope_shovel":4,"blue_skies:pyrope_boots":2,"minecraft:cooked_beef":48,"blue_skies:ventium_shears":1,"blue_skies:pyrope_chestplate":2,"spartanweaponry:handle":16,"minecraft:bucket":1,"minecraft:stone_axe":1,"blue_skies:ventium_ingot":43,"minecraft:air":0,"minecraft:iron_leggings":2,"minecraft:white_bed":1,"minecraft:torch":24,"blue_skies:aquite_gem":69},"minecraft:mined":{"minecraft:spruce_planks":8,"minecraft:white_bed":1,"minecraft:farmland":1,"blue_skies:bluebright_leaves":1,"paraglider:rito_goddess_statue":1,"blue_skies:moonstone":1,"blue_skies:snowcap_pinhead":1,"minecraft:brewing_stand":1,"minecraft:granite":136,"blue_skies:taratite":3,"minecraft:grass_block":181,"blue_skies:brewberry_bush":3,"blue_skies:everbright_aquite_ore":69,"blue_skies:frostbright_vine":2,"blue_skies:rimestone":2,"minecraft:spawner":6,"minecraft:tall_seagrass":2,"blue_skies:snowcap_oven":7,"blue_skies:blue_fire":6,"minecraft:iron_ore":115,"minecraft:fire":45,"minecraft:fletching_table":1,"minecraft:tripwire":1,"blue_skies:camellia":1,"blue_skies:turquoise_stonebrick":3,"blue_skies:turquoise_stone":225,"minecraft:kelp_plant":2,"minecraft:torch":44,"minecraft:blast_furnace":2,"minecraft:chest":3,"blue_skies:bluebright_crafting_table":1,"minecraft:cobblestone":117,"blue_skies:maple_crafting_table":1,"minecraft:wall_torch":55,"minecraft:seagrass":1,"mowziesmobs:thatch_block":1,"minecraft:birch_log":1,"minecraft:wheat":16,"minecraft:pumpkin_stem":1,"sereneseasons:season_sensor":4,"minecraft:grass":56,"minecraft:oak_log":41,"minecraft:beetroots":2,"minecraft:dirt":263,"minecraft:oak_leaves":29,"blue_skies:everbright_pyrope_ore":98,"blue_skies:coarse_turquoise_dirt":6,"minecraft:spruce_leaves":7,"minecraft:kelp":1,"minecraft:furnace":13,"minecraft:carrots":14,"minecraft:snow":7,"minecraft:andesite":87,"blue_skies:everbright_moonstone_ore":18,"minecraft:potatoes":53,"blue_skies:turquoise_cobblestone":16,"blue_skies:turquoise_dripstone":1,"minecraft:packed_ice":7,"minecraft:stone":1410,"sophisticatedbackpacks:backpack":1,"minecraft:white_wool":1,"blue_skies:tall_turquoise_grass":2,"minecraft:light_gray_carpet":3,"minecraft:glass_pane":6,"blue_skies:turquoise_grass":27,"minecraft:snow_block":15,"blue_skies:frostbright_leaves":1,"minecraft:cornflower":2,"minecraft:crafting_table":10,"minecraft:rose_bush":1,"minecraft:tall_grass":9,"minecraft:lapis_ore":4,"blue_skies:snowcap_mushroom_block":2,"minecraft:diorite":54,"blue_skies:cracked_turquoise_stonebrick":1,"minecraft:blue_bed":2,"minecraft:spruce_stairs":1,"blue_skies:falsite_ore":15,"blue_skies:turquoise_grass_block":8,"blue_skies:everbright_diopside_ore":1,"minecraft:ice":16,"minecraft:spruce_log":20,"minecraft:white_carpet":13,"blue_skies:ventium_ore":49,"minecraft:coal_ore":211,"blue_skies:turquoise_dirt":19,"minecraft:gravel":57,"minecraft:stone_bricks":21},"minecraft:picked_up":{"sereneseasons:calendar":3,"minecraft:lead":4,"minecraft:enchanted_book":2,"blue_skies:turquoise_dripstone":8,"tombstone:grave_key":1,"minecraft:brewing_stand":1,"minecraft:string":18,"blue_skies:turquoise_stone_sword":1,"blue_skies:glowing_blinding_stone":2,"minecraft:spruce_planks":33,"minecraft:rose_bush":1,"blue_skies:snowcap_oven":7,"blue_skies:ventium_ore":43,"blue_skies:diopside_sword":1,"minecraft:furnace":13,"minecraft:tipped_arrow":2,"minecraft:stick":19,"blue_skies:azulfo_horn":4,"blue_skies:pyrope_boots":1,"minecraft:oak_fence":1,"minecraft:torch":114,"minecraft:porkchop":27,"tombstone:grave_dust":5,"minecraft:diorite":53,"minecraft:rotten_flesh":39,"blue_skies:falsite_ore":15,"minecraft:snowball":27,"minecraft:cobblestone":1533,"paraglider:paraglider":2,"minecraft:feather":1,"minecraft:cooked_beef":5,"spartanweaponry:handle":1,"blue_skies:pyrope_shovel":3,"minecraft:andesite":90,"blue_skies:brewberry":17,"blue_skies:aquite_leggings":1,"minecraft:smoker":1,"minecraft:potato":68,"paraglider:spirit_orb":12,"minecraft:flint":6,"minecraft:lapis_lazuli":24,"minecraft:dirt":502,"minecraft:bone":22,"minecraft:bow":4,"minecraft:wheat_seeds":24,"blue_skies:camellia":1,"blue_skies:coarse_turquoise_dirt":8,"minecraft:fletching_table":1,"spartanweaponry:saber_iron":1,"blue_skies:diopside_gem":1,"blue_skies:snowcap_pinhead":18,"minecraft:cooked_porkchop":1,"blue_skies:cracked_turquoise_stonebrick":1,"minecraft:poisonous_potato":1,"minecraft:sand":1,"blue_skies:ethereal_arc":2,"blue_skies:pine_fruit_seeds":3,"blue_skies:pyrope_leggings":1,"blue_skies:blinding_stone":3,"minecraft:crossbow":3,"minecraft:granite":134,"blue_skies:turquoise_stonebrick":1,"minecraft:emerald":2,"blue_skies:cooked_carabeef":33,"minecraft:oak_sapling":9,"minecraft:light_gray_carpet":3,"blue_skies:pyrope_pickaxe":2,"minecraft:crafting_table":10,"minecraft:azure_bluet":1,"blue_skies:star_flare":6,"minecraft:packed_ice":29,"minecraft:shield":2,"blue_skies:municipal_monkfish":1,"minecraft:cornflower":2,"minecraft:flint_and_steel":2,"minecraft:white_carpet":5,"paraglider:rito_goddess_statue":2,"minecraft:beef":46,"minecraft:chest":4,"minecraft:egg":2,"blue_skies:brewberry_bush":3,"sophisticatedbackpacks:backpack":2,"blue_skies:carabeef":13,"minecraft:carrot":15,"spartanweaponry:hammer_iron":1,"minecraft:tnt":32,"minecraft:arrow":19,"minecraft:beetroot_seeds":2,"blue_skies:aquite_chestplate":1,"mowziesmobs:ice_crystal":1,"blue_skies:pyrope_helmet":1,"minecraft:saddle":1,"minecraft:totem_of_undying":1,"blue_skies:moonstone_shard":40,"minecraft:mutton":31,"minecraft:white_wool":20,"minecraft:salmon":2,"minecraft:leather":33,"sereneseasons:season_sensor":7,"minecraft:ice":4,"minecraft:oak_log":37,"blue_skies:turquoise_cobblestone":289,"minecraft:yellow_bed":1,"minecraft:gunpowder":2,"minecraft:blue_bed":3,"minecraft:white_banner":2,"minecraft:cooked_mutton":7,"blue_skies:soul_fragment":8,"blue_skies:pyrope_gem":145,"minecraft:apple":1,"minecraft:stone_bricks":11,"minecraft:kelp":4,"blue_skies:aquite_axe":1,"blue_skies:taratite":6,"minecraft:iron_ingot":60,"minecraft:iron_ore":122,"blue_skies:falsite_ingot":18,"minecraft:glass_bottle":2,"mowziesmobs:thatch_block":1,"blue_skies:turquoise_dirt":18,"minecraft:dandelion":2,"minecraft:gravel":39,"blue_skies:turquoise_stone_pickaxe":1,"minecraft:blast_furnace":3,"minecraft:white_bed":1,"minecraft:spruce_log":20,"blue_skies:everbright_aquite_ore":71,"minecraft:spider_eye":7,"blue_skies:aquite_sword":1,"blue_skies:zeal_lighter":3,"minecraft:iron_helmet":2,"tombstone:magic_scroll":2,"minecraft:coal":572,"minecraft:ender_pearl":3},"minecraft:killed_by":{"mowziesmobs:naga":3,"minecraft:creeper":6,"blue_skies:polargeist":3,"minecraft:ravager":1,"minecraft:drowned":2,"blue_skies:gatekeeper":1,"minecraft:vindicator":4,"blue_skies:summoner":5,"minecraft:zombie":2,"mowziesmobs:frostmaw":5,"minecraft:player":4,"blue_skies:artificial_golem":1,"minecraft:skeleton":1},"minecraft:killed":{"blue_skies:armored_frost_spirit":41,"blue_skies:frost_spirit":5,"minecraft:witch":2,"blue_skies:azulfo":11,"minecraft:spider":14,"mowziesmobs:frostmaw":1,"minecraft:skeleton":11,"blue_skies:diophyde_prowler":2,"minecraft:chicken":1,"blue_skies:shrumpty":7,"minecraft:pig":12,"minecraft:iron_golem":1,"minecraft:creeper":1,"minecraft:sheep":12,"minecraft:trader_llama":2,"minecraft:pillager":4,"minecraft:zombie":42,"minecraft:stray":3,"minecraft:cow":21,"minecraft:evoker":1,"minecraft:vex":2,"blue_skies:snow_owl":1,"minecraft:vindicator":4,"minecraft:horse":6,"minecraft:drowned":1,"blue_skies:polargeist":1,"blue_skies:artificial_golem":10,"minecraft:bat":1,"minecraft:wandering_trader":1,"minecraft:ravager":1,"minecraft:polar_bear":1,"blue_skies:stardust_ram":9,"minecraft:enderman":2},"minecraft:broken":{"blue_skies:pyrope_boots":1,"minecraft:iron_boots":1,"blue_skies:aquite_chestplate":1,"blue_skies:aquite_boots":1,"minecraft:stone_pickaxe":3,"blue_skies:aquite_helmet":1,"blue_skies:pyrope_chestplate":1,"blue_skies:pyrope_pickaxe":6,"blue_skies:pyrope_leggings":1,"minecraft:flint_and_steel":1,"blue_skies:pyrope_helmet":1,"blue_skies:turquoise_stone_pickaxe":1,"minecraft:wooden_pickaxe":1,"minecraft:shield":1,"blue_skies:aquite_axe":1,"minecraft:iron_helmet":1,"blue_skies:pyrope_shovel":1,"blue_skies:aquite_pickaxe":1},"minecraft:custom":{"minecraft:interact_with_crafting_table":137,"minecraft:open_barrel":5,"minecraft:bell_ring":8,"minecraft:interact_with_keystone":11,"minecraft:leave_game":10,"minecraft:time_since_death":43220,"minecraft:sprint_one_cm":1175676,"minecraft:damage_blocked_by_shield":3435,"minecraft:drop":198,"minecraft:talked_to_villager":7,"minecraft:deaths":40,"minecraft:jump":11459,"minecraft:interact_with_brewingstand":1,"minecraft:walk_on_water_one_cm":101254,"minecraft:interact_with_furnace":123,"minecraft:play_one_minute":631077,"minecraft:sleep_in_bed":22,"minecraft:damage_dealt":45927,"minecraft:player_kills":6,"minecraft:crouch_one_cm":184564,"tombstone:undead_killed":58,"tombstone:villager_killed":1,"minecraft:interact_with_smoker":34,"minecraft:horse_one_cm":752674,"minecraft:interact_with_smithing_table":2,"minecraft:interact_with_anvil":3,"minecraft:mob_kills":251,"minecraft:damage_dealt_resisted":49,"minecraft:climb_one_cm":11389,"minecraft:walk_one_cm":2108462,"minecraft:interact_with_snowcap_oven":68,"minecraft:sneak_time":58129,"minecraft:walk_under_water_one_cm":90595,"minecraft:boat_one_cm":148675,"minecraft:interact_with_blast_furnace":30,"tombstone:raider_killed":12,"minecraft:raid_trigger":1,"minecraft:interact_with_tool_box":3,"minecraft:time_since_rest":12303,"minecraft:damage_absorbed":113,"minecraft:damage_taken":31249,"minecraft:swim_one_cm":96225,"minecraft:fly_one_cm":1752999,"minecraft:open_chest":274,"minecraft:fall_one_cm":268641},"minecraft:used":{"blue_skies:aquite_sword":151,"minecraft:chest":9,"minecraft:shield":64,"minecraft:stone":58,"minecraft:rotten_flesh":19,"minecraft:carrot":16,"blue_skies:pyrope_shovel":398,"blue_skies:turquoise_dripstone":4,"minecraft:snowball":16,"minecraft:packed_ice":16,"minecraft:stone_bricks":2,"carryon:tile_item":7,"blue_skies:aquite_pickaxe":272,"minecraft:bow":14,"minecraft:oak_sapling":5,"minecraft:furnace":14,"blue_skies:charoite_pickaxe":466,"minecraft:potato":23,"blue_skies:turquoise_stone_pickaxe":244,"minecraft:diorite":11,"blue_skies:pyrope_sword":134,"minecraft:stone_pickaxe":467,"blue_skies:turquoise_cobblestone":215,"minecraft:ender_pearl":1,"minecraft:wooden_pickaxe":59,"minecraft:blue_bed":3,"minecraft:white_wool":7,"minecraft:blast_furnace":3,"blue_skies:municipal_monkfish":1,"minecraft:crossbow":10,"blue_skies:aquite_axe":216,"blue_skies:tool_box":2,"blue_skies:brewberry":17,"sophisticatedbackpacks:backpack":1,"blue_skies:moonstone_shield":1,"minecraft:string":1,"minecraft:bread":18,"blue_skies:cooked_carabeef":36,"tombstone:grave_key":12,"blue_skies:everbright_aquite_ore":2,"spartanweaponry:saber_iron":2,"minecraft:andesite":53,"minecraft:poisonous_potato":1,"minecraft:ice":4,"sereneseasons:season_sensor":4,"minecraft:bone_meal":9,"spartanweaponry:battleaxe_stone":17,"minecraft:rose_bush":1,"minecraft:flint_and_steel":58,"minecraft:stone_shovel":107,"minecraft:light_gray_carpet":3,"spartanweaponry:greatsword_iron":175,"blue_skies:turquoise_stone_sword":97,"minecraft:torch":124,"minecraft:dirt":394,"blue_skies:turquoise_dirt":12,"spartanweaponry:hammer_iron":122,"minecraft:granite":28,"blue_skies:zeal_lighter":20,"blue_skies:snowcap_pinhead":1,"carryon:entity_item":13,"paraglider:rito_goddess_statue":2,"blue_skies:coarse_turquoise_dirt":3,"tombstone:gift":6,"minecraft:cooked_beef":50,"minecraft:wheat_seeds":12,"minecraft:cooked_mutton":31,"minecraft:water_bucket":15,"minecraft:iron_ore":1,"minecraft:cobblestone_stairs":4,"minecraft:baked_potato":86,"minecraft:fletching_table":1,"minecraft:salmon":2,"minecraft:tnt":32,"minecraft:crafting_table":19,"minecraft:spider_eye":2,"mowziesmobs:thatch_block":1,"minecraft:white_bed":2,"minecraft:smoker":2,"blue_skies:diopside_sword":196,"minecraft:wooden_hoe":44,"minecraft:apple":21,"minecraft:spruce_pressure_plate":1,"minecraft:iron_pickaxe":26,"blue_skies:snowcap_oven":7,"minecraft:stone_axe":81,"minecraft:cobblestone":1165,"blue_skies:pyrope_pickaxe":1204,"minecraft:porkchop":4,"minecraft:white_banner":2,"minecraft:cooked_porkchop":23,"minecraft:bucket":16,"minecraft:yellow_bed":1,"minecraft:kelp":4},"minecraft:dropped":{"minecraft:cooked_beef":3,"minecraft:glass_bottle":2,"minecraft:crafting_table":1,"spartanweaponry:battleaxe_stone":1,"minecraft:crossbow":2,"blue_skies:aquite_chestplate":1,"blue_skies:aquite_sword":1,"minecraft:dirt":59,"blue_skies:turquoise_stone_pickaxe":1,"minecraft:packed_ice":8,"blue_skies:turquoise_cobblestone":29,"blue_skies:aquite_leggings":1,"blue_skies:snowcap_pinhead":17,"paraglider:paraglider":1,"minecraft:white_wool":10,"sereneseasons:calendar":3,"minecraft:bone":14,"blue_skies:brewberry_bush":3,"minecraft:gravel":2,"minecraft:stone_axe":1,"blue_skies:cooked_carabeef":2,"spartanweaponry:saber_iron":1,"blue_skies:pyrope_shovel":4,"blue_skies:turquoise_dirt":6,"blue_skies:soul_fragment":8,"minecraft:pink_dye":1,"minecraft:rotten_flesh":12,"minecraft:oak_planks":1,"blue_skies:pine_fruit_seeds":3,"minecraft:azure_bluet":1,"minecraft:carrot":1,"blue_skies:turquoise_dripstone":2,"minecraft:gunpowder":2,"minecraft:beetroot_seeds":2,"minecraft:chest":1,"minecraft:arrow":2,"blue_skies:pyrope_gem":3,"blue_skies:carabeef":8,"minecraft:egg":2,"minecraft:enchanted_book":6,"minecraft:iron_ingot":10,"spartanweaponry:handle":1,"minecraft:wheat_seeds":11,"minecraft:iron_helmet":2,"minecraft:cobblestone":10,"spartanweaponry:hammer_iron":1,"minecraft:granite":3,"blue_skies:ventium_ingot":3,"blue_skies:zeal_lighter":1,"minecraft:coal":30,"minecraft:stick":5,"sereneseasons:season_sensor":1,"minecraft:brewing_stand":1,"blue_skies:pyrope_leggings":2,"tombstone:magic_scroll":1,"tombstone:grave_key":1,"blue_skies:turquoise_stone_sword":2,"tombstone:grave_dust":4,"minecraft:iron_leggings":2,"minecraft:string":10,"minecraft:paper":8,"minecraft:furnace":1,"blue_skies:pyrope_chestplate":1,"blue_skies:cryo_root":10,"blue_skies:taratite":6,"sophisticatedbackpacks:backpack":1,"blue_skies:coarse_turquoise_dirt":5,"blue_skies:blinding_key":1,"minecraft:flint_and_steel":2,"minecraft:potato":1,"minecraft:stone":6,"minecraft:shield":1,"minecraft:spruce_planks":25,"minecraft:iron_chestplate":2,"blue_skies:pyrope_pickaxe":1,"minecraft:andesite":12,"minecraft:oak_sapling":4,"minecraft:spider_eye":3,"minecraft:stone_bricks":1,"minecraft:bow":3}},"DataVersion":2586}