{"stats":{"minecraft:dropped":{"minecraft:cooked_beef":3,"minecraft:glass_bottle":2,"minecraft:crafting_table":1,"spartanweaponry:battleaxe_stone":1,"minecraft:crossbow":2,"blue_skies:aquite_chestplate":1,"blue_skies:aquite_sword":1,"minecraft:dirt":59,"blue_skies:turquoise_stone_pickaxe":1,"minecraft:packed_ice":8,"blue_skies:turquoise_cobblestone":29,"blue_skies:aquite_leggings":1,"blue_skies:snowcap_pinhead":17,"minecraft:white_wool":10,"sereneseasons:calendar":3,"minecraft:bone":13,"blue_skies:brewberry_bush":3,"minecraft:gravel":2,"minecraft:stone_axe":1,"blue_skies:cooked_carabeef":2,"spartanweaponry:saber_iron":1,"blue_skies:pyrope_shovel":4,"blue_skies:turquoise_dirt":6,"blue_skies:soul_fragment":8,"minecraft:pink_dye":1,"minecraft:rotten_flesh":12,"minecraft:oak_planks":1,"blue_skies:pine_fruit_seeds":3,"minecraft:azure_bluet":1,"minecraft:carrot":1,"blue_skies:turquoise_dripstone":2,"minecraft:gunpowder":2,"minecraft:beetroot_seeds":2,"minecraft:chest":1,"minecraft:arrow":2,"blue_skies:pyrope_gem":3,"blue_skies:carabeef":8,"minecraft:egg":2,"minecraft:enchanted_book":6,"minecraft:iron_ingot":10,"spartanweaponry:handle":1,"minecraft:wheat_seeds":9,"minecraft:iron_helmet":2,"minecraft:cobblestone":10,"spartanweaponry:hammer_iron":1,"minecraft:granite":3,"blue_skies:ventium_ingot":3,"blue_skies:zeal_lighter":1,"minecraft:coal":30,"minecraft:stick":5,"sereneseasons:season_sensor":1,"minecraft:brewing_stand":1,"blue_skies:pyrope_leggings":2,"tombstone:magic_scroll":1,"tombstone:grave_key":1,"blue_skies:turquoise_stone_sword":2,"tombstone:grave_dust":4,"minecraft:iron_leggings":2,"minecraft:string":4,"minecraft:paper":8,"minecraft:furnace":1,"blue_skies:pyrope_chestplate":1,"blue_skies:cryo_root":10,"blue_skies:taratite":6,"sophisticatedbackpacks:backpack":1,"blue_skies:coarse_turquoise_dirt":5,"blue_skies:blinding_key":1,"minecraft:flint_and_steel":2,"minecraft:potato":1,"minecraft:stone":6,"minecraft:shield":1,"minecraft:spruce_planks":25,"minecraft:iron_chestplate":2,"minecraft:andesite":12,"minecraft:oak_sapling":4,"minecraft:stone_bricks":1,"minecraft:spider_eye":3,"minecraft:bow":3},"minecraft:used":{"blue_skies:aquite_sword":151,"minecraft:stone":58,"minecraft:chest":3,"minecraft:shield":64,"minecraft:rotten_flesh":6,"blue_skies:pyrope_shovel":206,"blue_skies:turquoise_dripstone":4,"minecraft:snowball":16,"minecraft:packed_ice":16,"carryon:tile_item":3,"blue_skies:aquite_pickaxe":272,"minecraft:bow":14,"minecraft:oak_sapling":5,"minecraft:furnace":14,"minecraft:potato":2,"blue_skies:turquoise_stone_pickaxe":244,"blue_skies:pyrope_sword":134,"minecraft:stone_pickaxe":420,"blue_skies:turquoise_cobblestone":215,"minecraft:wooden_pickaxe":59,"minecraft:white_wool":7,"blue_skies:municipal_monkfish":1,"minecraft:crossbow":2,"blue_skies:aquite_axe":180,"blue_skies:brewberry":17,"sophisticatedbackpacks:backpack":1,"minecraft:bread":8,"blue_skies:cooked_carabeef":36,"tombstone:grave_key":8,"blue_skies:everbright_aquite_ore":2,"spartanweaponry:saber_iron":2,"minecraft:andesite":3,"minecraft:ice":4,"sereneseasons:season_sensor":4,"spartanweaponry:battleaxe_stone":17,"minecraft:rose_bush":1,"minecraft:flint_and_steel":58,"minecraft:light_gray_carpet":3,"spartanweaponry:greatsword_iron":175,"blue_skies:turquoise_stone_sword":97,"minecraft:torch":76,"minecraft:dirt":168,"blue_skies:turquoise_dirt":12,"spartanweaponry:hammer_iron":121,"minecraft:granite":5,"blue_skies:zeal_lighter":19,"carryon:entity_item":13,"paraglider:rito_goddess_statue":2,"blue_skies:coarse_turquoise_dirt":3,"tombstone:gift":4,"minecraft:cooked_beef":49,"minecraft:wheat_seeds":8,"minecraft:cooked_mutton":21,"minecraft:iron_ore":1,"minecraft:baked_potato":35,"minecraft:fletching_table":1,"minecraft:tnt":32,"minecraft:crafting_table":16,"mowziesmobs:thatch_block":1,"minecraft:white_bed":2,"minecraft:smoker":1,"blue_skies:diopside_sword":21,"minecraft:apple":21,"minecraft:iron_pickaxe":26,"minecraft:spruce_pressure_plate":1,"blue_skies:snowcap_oven":3,"minecraft:stone_axe":81,"minecraft:cobblestone":853,"blue_skies:pyrope_pickaxe":805,"minecraft:porkchop":4,"minecraft:cooked_porkchop":23,"minecraft:yellow_bed":1,"minecraft:kelp":4},"minecraft:picked_up":{"sereneseasons:calendar":3,"minecraft:enchanted_book":2,"blue_skies:turquoise_dripstone":8,"minecraft:brewing_stand":1,"tombstone:grave_key":1,"minecraft:string":11,"blue_skies:turquoise_stone_sword":1,"blue_skies:glowing_blinding_stone":2,"minecraft:spruce_planks":33,"minecraft:rose_bush":1,"blue_skies:snowcap_oven":4,"blue_skies:ventium_ore":43,"minecraft:furnace":13,"blue_skies:diopside_sword":1,"minecraft:stick":15,"blue_skies:azulfo_horn":4,"minecraft:torch":84,"minecraft:porkchop":27,"minecraft:diorite":38,"tombstone:grave_dust":2,"minecraft:rotten_flesh":21,"blue_skies:falsite_ore":15,"minecraft:snowball":16,"minecraft:cobblestone":927,"minecraft:cooked_beef":5,"minecraft:feather":1,"spartanweaponry:handle":1,"blue_skies:pyrope_shovel":3,"minecraft:andesite":40,"blue_skies:brewberry":17,"minecraft:smoker":1,"minecraft:potato":23,"paraglider:spirit_orb":12,"minecraft:flint":1,"minecraft:lapis_lazuli":24,"minecraft:dirt":257,"minecraft:bone":16,"minecraft:bow":3,"minecraft:wheat_seeds":17,"blue_skies:camellia":1,"blue_skies:coarse_turquoise_dirt":8,"minecraft:fletching_table":1,"spartanweaponry:saber_iron":1,"blue_skies:diopside_gem":1,"blue_skies:snowcap_pinhead":17,"minecraft:cooked_porkchop":1,"blue_skies:cracked_turquoise_stonebrick":1,"minecraft:sand":1,"blue_skies:ethereal_arc":2,"blue_skies:pine_fruit_seeds":3,"blue_skies:pyrope_leggings":1,"blue_skies:blinding_stone":3,"minecraft:crossbow":3,"minecraft:granite":22,"blue_skies:turquoise_stonebrick":1,"minecraft:emerald":2,"blue_skies:cooked_carabeef":33,"minecraft:oak_sapling":9,"minecraft:light_gray_carpet":3,"minecraft:crafting_table":8,"minecraft:azure_bluet":1,"blue_skies:star_flare":3,"minecraft:packed_ice":29,"minecraft:shield":2,"blue_skies:municipal_monkfish":1,"minecraft:flint_and_steel":2,"paraglider:rito_goddess_statue":2,"minecraft:beef":45,"minecraft:chest":3,"minecraft:egg":2,"blue_skies:brewberry_bush":3,"sophisticatedbackpacks:backpack":2,"blue_skies:carabeef":13,"minecraft:carrot":9,"spartanweaponry:hammer_iron":1,"minecraft:tnt":32,"minecraft:arrow":14,"minecraft:beetroot_seeds":2,"blue_skies:aquite_chestplate":1,"blue_skies:pyrope_helmet":1,"minecraft:totem_of_undying":1,"minecraft:saddle":1,"blue_skies:moonstone_shard":40,"minecraft:mutton":31,"minecraft:white_wool":20,"minecraft:leather":32,"sereneseasons:season_sensor":7,"minecraft:ice":4,"minecraft:oak_log":22,"blue_skies:turquoise_cobblestone":289,"minecraft:yellow_bed":1,"minecraft:gunpowder":2,"minecraft:white_banner":2,"minecraft:cooked_mutton":2,"blue_skies:soul_fragment":8,"minecraft:stone_bricks":1,"blue_skies:pyrope_gem":145,"minecraft:apple":1,"minecraft:kelp":4,"blue_skies:aquite_axe":1,"blue_skies:taratite":6,"minecraft:iron_ingot":58,"minecraft:iron_ore":111,"minecraft:glass_bottle":2,"mowziesmobs:thatch_block":1,"blue_skies:turquoise_dirt":18,"minecraft:gravel":2,"blue_skies:turquoise_stone_pickaxe":1,"minecraft:white_bed":1,"minecraft:spruce_log":7,"blue_skies:everbright_aquite_ore":71,"minecraft:spider_eye":4,"blue_skies:aquite_sword":1,"blue_skies:zeal_lighter":2,"minecraft:iron_helmet":2,"tombstone:magic_scroll":2,"minecraft:coal":498,"minecraft:ender_pearl":2},"minecraft:killed_by":{"mowziesmobs:naga":3,"minecraft:creeper":1,"blue_skies:polargeist":3,"minecraft:ravager":1,"minecraft:drowned":2,"minecraft:vindicator":4,"blue_skies:summoner":5,"minecraft:player":3,"blue_skies:artificial_golem":1,"minecraft:skeleton":1},"minecraft:custom":{"minecraft:interact_with_crafting_table":103,"minecraft:open_barrel":4,"minecraft:bell_ring":8,"minecraft:interact_with_keystone":11,"minecraft:leave_game":7,"minecraft:time_since_death":41583,"minecraft:sprint_one_cm":804402,"minecraft:damage_blocked_by_shield":3395,"minecraft:drop":187,"minecraft:talked_to_villager":5,"minecraft:deaths":26,"minecraft:jump":8130,"minecraft:interact_with_brewingstand":1,"minecraft:walk_on_water_one_cm":96499,"minecraft:interact_with_furnace":121,"minecraft:play_one_minute":459139,"minecraft:sleep_in_bed":15,"minecraft:damage_dealt":36877,"minecraft:player_kills":1,"minecraft:crouch_one_cm":123663,"tombstone:undead_killed":35,"minecraft:interact_with_smoker":15,"minecraft:horse_one_cm":690720,"minecraft:interact_with_smithing_table":2,"minecraft:mob_kills":212,"minecraft:damage_dealt_resisted":49,"minecraft:climb_one_cm":11389,"minecraft:walk_one_cm":1484529,"minecraft:interact_with_snowcap_oven":67,"minecraft:sneak_time":40787,"minecraft:walk_under_water_one_cm":89671,"minecraft:boat_one_cm":148675,"minecraft:interact_with_blast_furnace":10,"tombstone:raider_killed":12,"minecraft:raid_trigger":1,"minecraft:time_since_rest":28699,"minecraft:damage_absorbed":113,"minecraft:damage_taken":21896,"minecraft:swim_one_cm":96225,"minecraft:fly_one_cm":1118437,"minecraft:open_chest":58,"minecraft:fall_one_cm":191244},"minecraft:crafted":{"minecraft:oak_planks":88,"blue_skies:aquite_chestplate":1,"blue_skies:turquoise_stone_pickaxe":1,"minecraft:spruce_pressure_plate":4,"spartanweaponry:battleaxe_stone":1,"minecraft:cooked_mutton":19,"blue_skies:aquite_helmet":1,"minecraft:iron_boots":1,"blue_skies:aquite_pickaxe":1,"minecraft:chest":2,"blue_skies:pyrope_leggings":2,"spartanweaponry:greatsword_iron":1,"blue_skies:pyrope_sword":1,"blue_skies:aquite_leggings":1,"sophisticatedbackpacks:backpack":1,"minecraft:cooked_porkchop":22,"blue_skies:pyrope_helmet":2,"minecraft:crafting_table":9,"spartanweaponry:hammer_iron":1,"minecraft:spruce_planks":28,"blue_skies:aquite_sword":1,"minecraft:iron_helmet":2,"minecraft:wooden_pickaxe":1,"minecraft:baked_potato":42,"blue_skies:aquite_axe":1,"minecraft:iron_chestplate":2,"minecraft:shield":2,"blue_skies:pyrope_pickaxe":6,"minecraft:stick":60,"minecraft:iron_ingot":61,"blue_skies:aquite_boots":1,"minecraft:iron_pickaxe":1,"minecraft:furnace":4,"minecraft:pink_dye":1,"minecraft:flint_and_steel":1,"blue_skies:cooked_carabeef":5,"blue_skies:turquoise_stone_sword":1,"minecraft:stone_pickaxe":4,"blue_skies:pyrope_shovel":4,"blue_skies:pyrope_boots":2,"minecraft:cooked_beef":47,"blue_skies:pyrope_chestplate":2,"spartanweaponry:handle":16,"minecraft:stone_axe":1,"minecraft:air":0,"minecraft:iron_leggings":2,"minecraft:white_bed":1,"blue_skies:aquite_gem":35},"minecraft:killed":{"blue_skies:armored_frost_spirit":41,"blue_skies:frost_spirit":5,"minecraft:witch":2,"blue_skies:azulfo":11,"minecraft:spider":8,"minecraft:skeleton":9,"blue_skies:diophyde_prowler":2,"blue_skies:shrumpty":7,"minecraft:pig":12,"minecraft:iron_golem":1,"minecraft:sheep":12,"minecraft:pillager":4,"minecraft:zombie":23,"minecraft:stray":1,"minecraft:cow":21,"minecraft:evoker":1,"minecraft:vex":2,"blue_skies:snow_owl":1,"minecraft:vindicator":4,"minecraft:horse":6,"minecraft:drowned":1,"blue_skies:polargeist":1,"blue_skies:artificial_golem":10,"minecraft:ravager":1,"blue_skies:stardust_ram":9,"minecraft:enderman":2},"minecraft:mined":{"minecraft:spruce_planks":8,"minecraft:white_bed":1,"blue_skies:bluebright_leaves":1,"paraglider:rito_goddess_statue":1,"blue_skies:moonstone":1,"blue_skies:snowcap_pinhead":1,"minecraft:brewing_stand":1,"minecraft:granite":22,"blue_skies:taratite":3,"minecraft:grass_block":86,"blue_skies:brewberry_bush":3,"blue_skies:everbright_aquite_ore":69,"blue_skies:frostbright_vine":2,"blue_skies:rimestone":2,"minecraft:spawner":6,"minecraft:tall_seagrass":1,"blue_skies:snowcap_oven":4,"blue_skies:blue_fire":6,"minecraft:iron_ore":104,"minecraft:fire":44,"minecraft:fletching_table":1,"blue_skies:camellia":1,"blue_skies:turquoise_stone":225,"blue_skies:turquoise_stonebrick":3,"minecraft:kelp_plant":2,"minecraft:torch":33,"minecraft:chest":3,"blue_skies:bluebright_crafting_table":1,"minecraft:cobblestone":34,"blue_skies:maple_crafting_table":1,"minecraft:wall_torch":40,"mowziesmobs:thatch_block":1,"minecraft:birch_log":1,"minecraft:wheat":12,"sereneseasons:season_sensor":4,"minecraft:grass":40,"minecraft:oak_log":26,"minecraft:beetroots":2,"minecraft:dirt":122,"minecraft:oak_leaves":27,"blue_skies:everbright_pyrope_ore":98,"blue_skies:coarse_turquoise_dirt":6,"minecraft:spruce_leaves":4,"minecraft:kelp":1,"minecraft:furnace":13,"minecraft:carrots":8,"minecraft:andesite":40,"blue_skies:everbright_moonstone_ore":18,"minecraft:potatoes":22,"blue_skies:turquoise_cobblestone":16,"blue_skies:turquoise_dripstone":1,"minecraft:packed_ice":7,"minecraft:stone":878,"sophisticatedbackpacks:backpack":1,"minecraft:white_wool":1,"blue_skies:tall_turquoise_grass":2,"minecraft:light_gray_carpet":3,"blue_skies:turquoise_grass":27,"minecraft:snow_block":2,"blue_skies:frostbright_leaves":1,"minecraft:crafting_table":8,"minecraft:rose_bush":1,"minecraft:tall_grass":5,"minecraft:lapis_ore":4,"blue_skies:snowcap_mushroom_block":2,"minecraft:diorite":39,"blue_skies:cracked_turquoise_stonebrick":1,"minecraft:spruce_stairs":1,"blue_skies:falsite_ore":15,"blue_skies:turquoise_grass_block":8,"blue_skies:everbright_diopside_ore":1,"minecraft:ice":4,"minecraft:white_carpet":9,"minecraft:spruce_log":7,"blue_skies:ventium_ore":49,"minecraft:coal_ore":141,"blue_skies:turquoise_dirt":19,"minecraft:gravel":15},"minecraft:broken":{"minecraft:iron_boots":1,"blue_skies:aquite_chestplate":1,"blue_skies:aquite_boots":1,"minecraft:stone_pickaxe":3,"blue_skies:aquite_helmet":1,"blue_skies:pyrope_pickaxe":4,"minecraft:flint_and_steel":1,"blue_skies:turquoise_stone_pickaxe":1,"minecraft:wooden_pickaxe":1,"minecraft:shield":1,"blue_skies:aquite_axe":1,"minecraft:iron_helmet":1,"blue_skies:aquite_pickaxe":1}},"DataVersion":2586}