{"stats":{"minecraft:crafted":{"minecraft:oak_planks":560,"minecraft:smooth_stone":8,"blue_skies:aquite_chestplate":5,"spartanweaponry:saber_stone":1,"paraglider:rito_goddess_statue":1,"minecraft:cooked_chicken":2,"blue_skies:turquoise_stone_pickaxe":1,"minecraft:stone":7,"minecraft:cobblestone_stairs":44,"minecraft:cooked_mutton":30,"spartanweaponry:tomahawk_diamond":1,"blue_skies:aquite_helmet":4,"minecraft:bow":1,"minecraft:iron_boots":1,"tombstone:grave_key":1,"blue_skies:aquite_pickaxe":4,"minecraft:chest":7,"blue_skies:pyrope_leggings":1,"blue_skies:starlit_stick":8,"spartanweaponry:greatsword_iron":1,"minecraft:stone_hoe":1,"minecraft:oak_fence":18,"blue_skies:pyrope_sword":1,"minecraft:smoker":1,"blue_skies:blue_journal":1,"minecraft:emerald":1,"sophisticatedbackpacks:backpack":1,"blue_skies:aquite_leggings":5,"minecraft:cooked_porkchop":43,"blue_skies:pyrope_helmet":1,"minecraft:crafting_table":21,"minecraft:spruce_planks":52,"blue_skies:aquite_sword":2,"minecraft:wooden_pickaxe":1,"minecraft:iron_helmet":1,"minecraft:baked_potato":10,"blue_skies:aquite_axe":1,"minecraft:birch_planks":68,"minecraft:iron_chestplate":1,"minecraft:book":1,"blue_skies:diopside_sword":1,"minecraft:paper":3,"minecraft:charcoal":1,"minecraft:shield":3,"blue_skies:pyrope_pickaxe":5,"minecraft:stick":112,"blue_skies:ventium_bucket":1,"spartanweaponry:club_wood":1,"minecraft:iron_ingot":62,"blue_skies:aquite_boots":3,"minecraft:iron_pickaxe":2,"minecraft:gold_ingot":5,"blue_skies:frostbright_crafting_table":3,"blue_skies:turquoise_stone":1,"blue_skies:diopside_axe":1,"blue_skies:aquite_shovel":1,"blue_skies:frostbright_planks":32,"blue_skies:falsite_ingot":5,"minecraft:furnace":9,"minecraft:blast_furnace":1,"minecraft:bone_meal":99,"blue_skies:cooked_carabeef":4,"spartanweaponry:katana_iron":1,"minecraft:iron_axe":1,"blue_skies:turquoise_stone_sword":1,"minecraft:stone_pickaxe":1,"blue_skies:frostbright_stick":8,"blue_skies:pyrope_shovel":1,"blue_skies:pyrope_boots":1,"spartanweaponry:rapier_diamond":1,"minecraft:wheat":45,"minecraft:cooked_beef":16,"paraglider:paraglider":1,"spartanweaponry:handle":13,"blue_skies:diopside_pickaxe":1,"minecraft:golden_shovel":4,"minecraft:bucket":1,"spartanweaponry:saber_iron":1,"minecraft:stone_axe":1,"blue_skies:ventium_ingot":7,"minecraft:bread":15,"blue_skies:starlit_spear":1,"minecraft:air":0,"minecraft:oak_fence_gate":1,"minecraft:oak_boat":2,"minecraft:iron_leggings":1,"minecraft:white_bed":2,"blue_skies:starlit_planks":32,"blue_skies:starlit_chest":1,"minecraft:torch":96,"spartanweaponry:boomerang_wood":1,"blue_skies:aquite_gem":91},"minecraft:mined":{"minecraft:white_bed":9,"minecraft:spruce_planks":16,"blue_skies:bluebright_leaves":4,"minecraft:cobblestone_stairs":14,"paraglider:rito_goddess_statue":3,"minecraft:brewing_stand":1,"biomesoplenty:burning_blossom":1,"blue_skies:mossy_turquoise_stonebrick":1,"minecraft:granite":10,"blue_skies:taratite":10,"minecraft:grass_block":325,"blue_skies:brewberry_bush":3,"blue_skies:everbright_aquite_ore":133,"blue_skies:frostbright_crafting_table":3,"blue_skies:frostbright_vine":6,"blue_skies:snowcap_mushroom":1,"minecraft:spawner":4,"minecraft:tall_seagrass":1,"blue_skies:blue_fire":3,"minecraft:iron_ore":61,"minecraft:fire":9,"minecraft:tripwire":1,"blue_skies:camellia":1,"blue_skies:turquoise_stonebrick":3,"minecraft:red_bed":2,"blue_skies:turquoise_stone":640,"minecraft:smoker":6,"minecraft:torch":19,"minecraft:jungle_stairs":1,"minecraft:blast_furnace":11,"minecraft:poppy":2,"minecraft:cobblestone":118,"blue_skies:maple_crafting_table":3,"minecraft:oak_planks":11,"minecraft:sugar_cane":13,"minecraft:wall_torch":6,"mowziesmobs:thatch_block":3,"minecraft:birch_log":18,"minecraft:wheat":30,"minecraft:grass":108,"minecraft:oak_log":365,"minecraft:dirt":175,"minecraft:oak_leaves":58,"blue_skies:everbright_pyrope_ore":44,"minecraft:diamond_ore":6,"blue_skies:frostbright_log":8,"minecraft:oak_door":1,"blue_skies:coarse_turquoise_dirt":11,"minecraft:jungle_planks":2,"minecraft:spruce_leaves":2,"minecraft:kelp":6,"minecraft:hay_block":5,"minecraft:redstone_ore":4,"minecraft:furnace":22,"minecraft:carrots":6,"minecraft:andesite":21,"blue_skies:everbright_moonstone_ore":9,"minecraft:potatoes":17,"blue_skies:turquoise_cobblestone":18,"blue_skies:chillweed":4,"blue_skies:turquoise_dripstone":3,"minecraft:stripped_oak_log":4,"minecraft:packed_ice":10,"minecraft:stone":732,"blue_skies:tall_turquoise_grass":2,"minecraft:smithing_table":5,"minecraft:light_gray_carpet":2,"minecraft:glass_pane":1,"blue_skies:turquoise_grass":24,"blue_skies:starlit_log":8,"minecraft:dandelion":8,"minecraft:oak_fence":2,"minecraft:crafting_table":1,"minecraft:rose_bush":3,"minecraft:tall_grass":29,"minecraft:blue_bed":1,"minecraft:diorite":11,"minecraft:spruce_stairs":1,"blue_skies:falsite_ore":7,"blue_skies:turquoise_grass_block":15,"minecraft:stripped_spruce_wood":2,"blue_skies:everbright_diopside_ore":11,"minecraft:gray_bed":5,"blue_skies:turquoise_cobblestone_slab":1,"minecraft:ice":13,"minecraft:spruce_log":11,"minecraft:birch_leaves":6,"minecraft:yellow_bed":9,"minecraft:grass_path":1,"blue_skies:ventium_ore":7,"minecraft:coal_ore":55,"blue_skies:turquoise_dirt":40,"minecraft:gold_ore":5,"paraglider:goddess_statue":1},"minecraft:picked_up":{"sereneseasons:calendar":3,"biomesoplenty:burning_blossom":2,"minecraft:wheat":26,"blue_skies:turquoise_stone_axe":2,"minecraft:smithing_table":5,"minecraft:lead":2,"blue_skies:aquite_pickaxe":3,"blue_skies:blinding_key":1,"minecraft:enchanted_book":5,"minecraft:potion":10,"minecraft:brewing_stand":2,"blue_skies:turquoise_dripstone":20,"blue_skies:soulbound_spear":2,"paraglider:goddess_statue":1,"minecraft:string":39,"minecraft:iron_leggings":1,"blue_skies:frostbright_log":16,"minecraft:armor_stand":1,"blue_skies:glowing_blinding_stone":17,"minecraft:smooth_stone":5,"minecraft:bucket":1,"minecraft:spruce_planks":16,"minecraft:rose_bush":5,"blue_skies:ventium_ore":7,"minecraft:iron_pickaxe":1,"minecraft:enchanted_golden_apple":2,"spartanweaponry:katana_iron":1,"blue_skies:diopside_sword":4,"minecraft:furnace":23,"minecraft:spruce_pressure_plate":1,"minecraft:tipped_arrow":297,"blue_skies:snowcap_mushroom":8,"minecraft:stick":23,"blue_skies:pyrope_boots":1,"minecraft:oak_fence":3,"minecraft:torch":53,"minecraft:porkchop":56,"tombstone:grave_dust":26,"minecraft:diorite":21,"blue_skies:aquite_gem":83,"blue_skies:bluebright_planks":47,"minecraft:rotten_flesh":74,"blue_skies:maple_crafting_table":4,"blue_skies:falsite_ore":5,"blue_skies:warding_pearl":1,"blue_skies:ventium_water_bucket":1,"minecraft:cod":1,"minecraft:snowball":25,"minecraft:cobblestone":960,"paraglider:paraglider":1,"blue_skies:pyrope_shovel":2,"minecraft:birch_log":18,"minecraft:feather":4,"minecraft:cooked_beef":3,"spartanweaponry:handle":2,"minecraft:andesite":44,"blue_skies:brewberry":3,"minecraft:brown_wool":5,"blue_skies:aquite_leggings":4,"mowziesmobs:barakoa_mask_fury":3,"minecraft:smoker":6,"minecraft:potato":19,"paraglider:spirit_orb":8,"minecraft:stripped_spruce_wood":4,"minecraft:dirt":630,"minecraft:bone":45,"minecraft:bow":6,"minecraft:wheat_seeds":122,"blue_skies:coarse_turquoise_dirt":1,"spartanweaponry:saber_iron":4,"blue_skies:starlit_stick":1,"minecraft:stone_hoe":2,"minecraft:oak_planks":205,"blue_skies:diopside_gem":19,"blue_skies:snowcap_pinhead":48,"blue_skies:ethereal_arc":1,"blue_skies:frostbright_stick":1,"minecraft:grass_block":3,"minecraft:lily_of_the_valley":1,"blue_skies:chilled_lily_pad":1,"blue_skies:pine_fruit_seeds":6,"minecraft:sugar":3,"minecraft:diamond":12,"blue_skies:pyrope_leggings":2,"blue_skies:infused_arc_sword":1,"blue_skies:blinding_stone":56,"minecraft:crossbow":1,"blue_skies:turquoise_cobblestone_slab":1,"minecraft:granite":19,"blue_skies:turquoise_stonebrick":2,"minecraft:emerald":12,"minecraft:bread":2,"blue_skies:cooked_carabeef":2,"minecraft:oak_sapling":27,"minecraft:light_gray_carpet":2,"minecraft:charcoal":1,"minecraft:crafting_table":5,"minecraft:cocoa_beans":4,"blue_skies:pyrope_pickaxe":7,"minecraft:azure_bluet":3,"minecraft:splash_potion":3,"minecraft:chicken":2,"minecraft:packed_ice":6,"minecraft:red_bed":2,"minecraft:iron_axe":1,"minecraft:flint_and_steel":2,"paraglider:rito_goddess_statue":3,"minecraft:beef":34,"minecraft:oak_boat":3,"minecraft:light_gray_wool":1,"minecraft:poppy":5,"blue_skies:cherry_sapling":1,"minecraft:sugar_cane":24,"minecraft:birch_sapling":3,"minecraft:egg":3,"minecraft:stone":1,"blue_skies:brewberry_bush":10,"minecraft:oak_door":2,"blue_skies:frostbright_crafting_table":4,"sophisticatedbackpacks:backpack":3,"blue_skies:pyrope_chestplate":2,"blue_skies:carabeef":13,"blue_skies:summoner_trophy":3,"minecraft:carrot":9,"minecraft:redstone":16,"minecraft:arrow":43,"minecraft:beetroot_seeds":3,"minecraft:hay_block":5,"mowziesmobs:barakoa_mask_fear":1,"blue_skies:aquite_chestplate":4,"mowziesmobs:ice_crystal":1,"blue_skies:pyrope_helmet":2,"minecraft:saddle":5,"blue_skies:moonstone_shard":19,"minecraft:mutton":50,"blue_skies:mossy_turquoise_stonebrick":1,"minecraft:white_wool":28,"minecraft:stripped_oak_log":4,"minecraft:leather":24,"minecraft:birch_planks":8,"minecraft:ice":10,"minecraft:oak_log":393,"blue_skies:turquoise_cobblestone":606,"minecraft:yellow_bed":8,"minecraft:gunpowder":14,"minecraft:cobblestone_stairs":70,"minecraft:blue_bed":1,"minecraft:paper":8,"minecraft:white_banner":4,"tombstone:gift":2,"minecraft:cooked_mutton":8,"blue_skies:soul_fragment":11,"minecraft:apple":1,"minecraft:stone_bricks":6,"minecraft:kelp":6,"blue_skies:pyrope_gem":82,"blue_skies:aquite_axe":3,"mowziesmobs:foliaath_seed":3,"blue_skies:taratite":15,"minecraft:iron_ingot":19,"minecraft:iron_ore":97,"tombstone:bag_of_seeds":1,"blue_skies:falsite_ingot":15,"mowziesmobs:thatch_block":3,"minecraft:glass_bottle":4,"minecraft:gray_bed":4,"minecraft:book":22,"blue_skies:winter_leaf_seeds":3,"spartanweaponry:longbow_netherite":1,"minecraft:dandelion":23,"blue_skies:turquoise_dirt":64,"blue_skies:turquoise_stone_pickaxe":1,"minecraft:blast_furnace":11,"minecraft:white_bed":10,"minecraft:spruce_log":11,"blue_skies:everbright_aquite_ore":137,"minecraft:gold_ore":5,"minecraft:spider_eye":18,"blue_skies:starlit_log":8,"blue_skies:loot_bag_summoner":1,"blue_skies:aquite_sword":3,"blue_skies:starlit_planks":4,"blue_skies:ventium_ingot":18,"blue_skies:diopside_axe":3,"minecraft:iron_helmet":2,"minecraft:gray_wool":3,"tombstone:magic_scroll":4,"blue_skies:aquite_boots":2,"minecraft:coal":322},"minecraft:killed_by":{"mowziesmobs:naga":9,"minecraft:creeper":7,"blue_skies:polargeist":2,"minecraft:ravager":1,"blue_skies:gatekeeper":2,"minecraft:vindicator":22,"blue_skies:summoner":20,"minecraft:zombie":3,"mowziesmobs:frostmaw":10,"minecraft:vex":1,"minecraft:player":10,"minecraft:stray":1,"minecraft:spider":2,"minecraft:enderman":1,"minecraft:iron_golem":1,"blue_skies:armored_frost_spirit":7,"blue_skies:artificial_golem":17,"minecraft:skeleton":3},"minecraft:killed":{"blue_skies:armored_frost_spirit":39,"minecraft:witch":5,"minecraft:spider":21,"blue_skies:azulfo":1,"mowziesmobs:frostmaw":1,"minecraft:skeleton":33,"blue_skies:diophyde_prowler":2,"minecraft:chicken":3,"blue_skies:shrumpty":17,"minecraft:cat":1,"minecraft:pig":24,"mowziesmobs:barakoan_player":1,"minecraft:creeper":3,"minecraft:sheep":19,"minecraft:trader_llama":2,"minecraft:pillager":14,"minecraft:zombie":53,"minecraft:stray":2,"minecraft:cow":19,"minecraft:evoker":1,"minecraft:vindicator":12,"blue_skies:summoner":1,"blue_skies:gatekeeper":1,"minecraft:drowned":1,"blue_skies:polargeist":8,"blue_skies:artificial_golem":60,"minecraft:rabbit":1,"minecraft:bat":1,"minecraft:wandering_trader":1,"minecraft:ravager":1,"blue_skies:stardust_ram":10},"minecraft:broken":{"minecraft:iron_boots":1,"minecraft:golden_shovel":4,"blue_skies:aquite_chestplate":3,"blue_skies:aquite_boots":3,"blue_skies:aquite_leggings":3,"blue_skies:aquite_helmet":3,"minecraft:bow":1,"blue_skies:pyrope_pickaxe":2,"blue_skies:pyrope_helmet":1,"blue_skies:aquite_sword":1,"blue_skies:aquite_axe":1,"minecraft:iron_helmet":2,"blue_skies:aquite_pickaxe":1},"minecraft:custom":{"minecraft:interact_with_crafting_table":204,"minecraft:open_barrel":4,"minecraft:bosses_defeated":1,"minecraft:bell_ring":47,"minecraft:interact_with_keystone":48,"minecraft:leave_game":12,"minecraft:time_since_death":3982,"minecraft:damage_resisted":158,"minecraft:sprint_one_cm":2172055,"minecraft:drop":294,"minecraft:damage_blocked_by_shield":3608,"minecraft:talked_to_villager":31,"minecraft:deaths":122,"minecraft:jump":14554,"minecraft:interact_with_brewingstand":6,"minecraft:walk_on_water_one_cm":119210,"minecraft:interact_with_furnace":159,"minecraft:traded_with_villager":2,"minecraft:play_one_minute":772145,"minecraft:sleep_in_bed":47,"tombstone:sneak_grave":1,"minecraft:damage_dealt":80813,"minecraft:player_kills":11,"minecraft:crouch_one_cm":18584,"tombstone:undead_killed":97,"tombstone:villager_killed":2,"minecraft:interact_with_smoker":43,"minecraft:horse_one_cm":2576968,"minecraft:interact_with_anvil":4,"minecraft:mob_kills":377,"minecraft:dungeons_conquered":1,"minecraft:climb_one_cm":4455,"minecraft:walk_one_cm":1650137,"minecraft:interact_with_snowcap_oven":11,"minecraft:damage_dealt_absorbed":240,"minecraft:sneak_time":8600,"minecraft:walk_under_water_one_cm":97015,"minecraft:boat_one_cm":249096,"minecraft:interact_with_blast_furnace":63,"tombstone:raider_killed":34,"minecraft:interact_with_tool_box":7,"minecraft:time_since_rest":3865,"minecraft:damage_absorbed":730,"minecraft:damage_taken":47176,"minecraft:swim_one_cm":65866,"minecraft:fly_one_cm":2808498,"minecraft:open_chest":118,"minecraft:fall_one_cm":332115},"minecraft:used":{"blue_skies:aquite_sword":463,"minecraft:shield":95,"minecraft:chest":6,"minecraft:rotten_flesh":60,"minecraft:mutton":8,"mowziesmobs:frostmaw_spawn_egg":1,"minecraft:carrot":9,"blue_skies:pyrope_shovel":54,"blue_skies:turquoise_dripstone":20,"minecraft:snowball":19,"blue_skies:starlit_chest":1,"minecraft:lava_bucket":1,"minecraft:stone_bricks":6,"carryon:tile_item":2,"blue_skies:aquite_pickaxe":998,"blue_skies:carabeef":3,"minecraft:bow":176,"spartanweaponry:rapier_diamond":9,"minecraft:oak_sapling":7,"minecraft:furnace":23,"minecraft:gray_bed":4,"minecraft:potato":2,"blue_skies:turquoise_stone_pickaxe":49,"mowziesmobs:foliaath_seed":1,"spartanweaponry:katana_iron":87,"blue_skies:glowing_blinding_stone":5,"blue_skies:pyrope_sword":18,"blue_skies:cryo_root":2,"minecraft:oak_planks":241,"minecraft:stone_pickaxe":87,"blue_skies:turquoise_cobblestone":135,"minecraft:wooden_pickaxe":10,"blue_skies:infused_arc_sword":57,"blue_skies:diopside_pickaxe":36,"blue_skies:ventium_water_bucket":70,"minecraft:blast_furnace":12,"minecraft:crossbow":5,"blue_skies:aquite_axe":174,"blue_skies:brewberry":3,"minecraft:string":2,"minecraft:bread":9,"minecraft:brown_wool":1,"tombstone:grave_key":38,"blue_skies:cooked_carabeef":6,"blue_skies:everbright_aquite_ore":2,"spartanweaponry:saber_iron":178,"minecraft:andesite":14,"minecraft:smithing_table":5,"minecraft:birch_log":1,"minecraft:oak_boat":5,"spartanweaponry:saber_stone":30,"minecraft:air":1,"minecraft:bone_meal":65,"blue_skies:soulbound_spear":3,"minecraft:oak_fence":19,"minecraft:flint_and_steel":10,"minecraft:spruce_planks":49,"spartanweaponry:greatsword_iron":53,"spartanweaponry:boomerang_wood":11,"blue_skies:blinding_stone":1,"minecraft:stone_hoe":5,"blue_skies:turquoise_stone_sword":3,"minecraft:cooked_chicken":2,"minecraft:torch":120,"minecraft:dirt":163,"spartanweaponry:club_wood":9,"blue_skies:turquoise_dirt":21,"minecraft:golden_shovel":137,"minecraft:granite":17,"minecraft:oak_fence_gate":1,"blue_skies:aquite_shovel":318,"blue_skies:diopside_axe":485,"minecraft:iron_axe":49,"carryon:entity_item":6,"spartanweaponry:longbow_netherite":41,"blue_skies:maple_crafting_table":4,"paraglider:rito_goddess_statue":2,"minecraft:beef":10,"tombstone:gift":8,"minecraft:cooked_beef":18,"minecraft:enchanted_golden_apple":2,"biomesoplenty:burning_blossom":1,"minecraft:cooked_mutton":33,"minecraft:wheat_seeds":21,"minecraft:water_bucket":20,"minecraft:cobblestone_stairs":49,"blue_skies:taratite":7,"minecraft:birch_planks":15,"minecraft:baked_potato":10,"blue_skies:frostbright_crafting_table":5,"minecraft:crafting_table":24,"minecraft:red_bed":2,"minecraft:white_bed":9,"minecraft:cod":1,"minecraft:smoker":6,"tombstone:bag_of_seeds":2,"minecraft:oak_log":203,"blue_skies:diopside_sword":433,"minecraft:apple":1,"tombstone:magic_scroll":1,"minecraft:iron_pickaxe":292,"minecraft:stone_axe":71,"blue_skies:starlit_spear":3,"minecraft:cobblestone":608,"minecraft:potion":13,"blue_skies:pyrope_pickaxe":619,"minecraft:porkchop":6,"blue_skies:loot_bag_summoner":1,"blue_skies:ventium_bucket":70,"minecraft:cooked_porkchop":43,"minecraft:bucket":21,"minecraft:yellow_bed":7,"spartanweaponry:tomahawk_diamond":24,"minecraft:splash_potion":4},"minecraft:dropped":{"spartanweaponry:greatsword_iron":1,"minecraft:porkchop":1,"blue_skies:infused_arc_sword":1,"blue_skies:snowcap_mushroom":1,"minecraft:oak_log":5,"minecraft:glass_bottle":18,"minecraft:crafting_table":2,"blue_skies:aquite_chestplate":3,"blue_skies:aquite_sword":1,"minecraft:cobblestone_stairs":56,"minecraft:emerald":1,"minecraft:dirt":172,"blue_skies:turquoise_stone_pickaxe":2,"blue_skies:mossy_turquoise_stonebrick":1,"minecraft:packed_ice":6,"blue_skies:starlit_spear":1,"minecraft:ice":4,"blue_skies:turquoise_cobblestone":299,"minecraft:mutton":2,"minecraft:snowball":34,"blue_skies:starlit_stick":1,"blue_skies:aquite_leggings":3,"blue_skies:aquite_gem":4,"blue_skies:snowcap_pinhead":5,"minecraft:iron_pickaxe":1,"blue_skies:frostbright_crafting_table":2,"minecraft:white_wool":2,"sereneseasons:calendar":1,"minecraft:bone":2,"blue_skies:brewberry_bush":10,"minecraft:oak_door":1,"minecraft:stone_axe":1,"blue_skies:winter_leaf_seeds":4,"spartanweaponry:saber_iron":3,"blue_skies:turquoise_dirt":28,"minecraft:rotten_flesh":5,"minecraft:oak_planks":102,"blue_skies:pine_fruit_seeds":6,"minecraft:glowstone_dust":2,"minecraft:light_gray_carpet":2,"blue_skies:falsite_ingot":20,"blue_skies:everbright_aquite_ore":27,"minecraft:cooked_mutton":5,"minecraft:azure_bluet":1,"blue_skies:glowing_blinding_stone":12,"minecraft:poppy":2,"blue_skies:soulbound_spear":2,"minecraft:tipped_arrow":65,"blue_skies:cherry_sapling":1,"minecraft:beetroot_seeds":3,"minecraft:spruce_pressure_plate":1,"minecraft:arrow":2,"minecraft:beef":2,"blue_skies:starlit_planks":8,"minecraft:splash_potion":1,"minecraft:stone_hoe":3,"minecraft:egg":2,"minecraft:enchanted_book":1,"minecraft:iron_ingot":6,"minecraft:bread":2,"spartanweaponry:handle":2,"blue_skies:pyrope_boots":2,"blue_skies:chilled_lily_pad":1,"minecraft:oak_fence":1,"minecraft:cobblestone":1,"minecraft:book":11,"blue_skies:aquite_axe":1,"minecraft:granite":18,"blue_skies:ventium_ingot":10,"minecraft:grass_block":2,"minecraft:stick":30,"blue_skies:bluebright_planks":38,"minecraft:gray_wool":3,"minecraft:diorite":8,"blue_skies:aquite_helmet":1,"blue_skies:pyrope_leggings":3,"minecraft:torch":10,"tombstone:grave_key":1,"minecraft:rose_bush":5,"minecraft:brown_wool":4,"blue_skies:turquoise_stone_sword":1,"minecraft:potion":1,"minecraft:iron_leggings":2,"blue_skies:aquite_pickaxe":2,"blue_skies:frostbright_stick":2,"minecraft:smooth_stone":5,"minecraft:string":2,"minecraft:paper":16,"spartanweaponry:longbow_netherite":1,"minecraft:dandelion":1,"minecraft:furnace":6,"blue_skies:turquoise_stonebrick":2,"minecraft:kelp":6,"blue_skies:pyrope_chestplate":2,"minecraft:cocoa_beans":4,"blue_skies:diopside_axe":1,"spartanweaponry:saber_stone":1,"minecraft:smoker":1,"blue_skies:taratite":3,"blue_skies:coarse_turquoise_dirt":1,"blue_skies:summoner_trophy":3,"minecraft:flint_and_steel":2,"minecraft:lily_of_the_valley":1,"spartanweaponry:katana_iron":2,"minecraft:potato":3,"minecraft:shield":3,"mowziesmobs:barakoa_mask_fury":3,"paraglider:rito_goddess_statue":1,"blue_skies:turquoise_stone":1,"minecraft:spruce_planks":5,"blue_skies:diopside_sword":3,"blue_skies:pyrope_pickaxe":6,"minecraft:iron_chestplate":1,"minecraft:andesite":23,"minecraft:yellow_bed":1,"minecraft:oak_sapling":10,"minecraft:spider_eye":5,"blue_skies:pyrope_helmet":2,"blue_skies:pyrope_sword":1,"minecraft:bow":2,"minecraft:stone_pickaxe":1,"blue_skies:blinding_stone":63}},"DataVersion":2586}