{"stats":{"minecraft:dropped":{"spartanweaponry:greatsword_iron":1,"minecraft:porkchop":1,"blue_skies:infused_arc_sword":1,"blue_skies:snowcap_mushroom":1,"minecraft:oak_log":5,"minecraft:glass_bottle":18,"minecraft:crafting_table":2,"blue_skies:aquite_chestplate":3,"blue_skies:aquite_sword":1,"minecraft:cobblestone_stairs":56,"minecraft:emerald":1,"minecraft:dirt":166,"blue_skies:turquoise_stone_pickaxe":2,"minecraft:packed_ice":6,"blue_skies:mossy_turquoise_stonebrick":1,"minecraft:ice":4,"blue_skies:starlit_spear":1,"blue_skies:turquoise_cobblestone":299,"minecraft:mutton":2,"blue_skies:starlit_stick":1,"blue_skies:aquite_leggings":3,"blue_skies:aquite_gem":4,"blue_skies:snowcap_pinhead":5,"minecraft:iron_pickaxe":1,"blue_skies:frostbright_crafting_table":2,"sereneseasons:calendar":1,"minecraft:bone":2,"blue_skies:brewberry_bush":10,"minecraft:oak_door":1,"minecraft:stone_axe":1,"blue_skies:winter_leaf_seeds":4,"spartanweaponry:saber_iron":3,"blue_skies:turquoise_dirt":28,"minecraft:rotten_flesh":5,"minecraft:oak_planks":94,"blue_skies:pine_fruit_seeds":6,"minecraft:light_gray_carpet":2,"blue_skies:falsite_ingot":20,"blue_skies:everbright_aquite_ore":27,"minecraft:azure_bluet":1,"blue_skies:glowing_blinding_stone":12,"minecraft:poppy":2,"blue_skies:soulbound_spear":2,"minecraft:tipped_arrow":63,"blue_skies:cherry_sapling":1,"minecraft:spruce_pressure_plate":1,"minecraft:beetroot_seeds":3,"minecraft:arrow":2,"blue_skies:starlit_planks":8,"minecraft:splash_potion":1,"minecraft:egg":2,"minecraft:enchanted_book":1,"minecraft:iron_ingot":6,"minecraft:bread":2,"spartanweaponry:handle":2,"blue_skies:pyrope_boots":2,"blue_skies:chilled_lily_pad":1,"minecraft:cobblestone":1,"minecraft:book":11,"blue_skies:aquite_axe":1,"minecraft:granite":2,"blue_skies:ventium_ingot":10,"minecraft:grass_block":2,"minecraft:stick":19,"blue_skies:bluebright_planks":38,"minecraft:gray_wool":3,"minecraft:diorite":2,"blue_skies:aquite_helmet":1,"blue_skies:pyrope_leggings":3,"minecraft:torch":10,"tombstone:grave_key":1,"minecraft:rose_bush":5,"minecraft:brown_wool":4,"blue_skies:turquoise_stone_sword":1,"minecraft:potion":1,"blue_skies:aquite_pickaxe":2,"minecraft:iron_leggings":2,"blue_skies:frostbright_stick":2,"minecraft:smooth_stone":5,"minecraft:paper":16,"spartanweaponry:longbow_netherite":1,"minecraft:dandelion":1,"minecraft:furnace":6,"blue_skies:turquoise_stonebrick":2,"minecraft:kelp":6,"blue_skies:pyrope_chestplate":2,"minecraft:cocoa_beans":4,"spartanweaponry:saber_stone":1,"minecraft:smoker":1,"blue_skies:taratite":3,"blue_skies:coarse_turquoise_dirt":1,"blue_skies:summoner_trophy":3,"minecraft:flint_and_steel":2,"minecraft:lily_of_the_valley":1,"spartanweaponry:katana_iron":2,"minecraft:shield":3,"mowziesmobs:barakoa_mask_fury":3,"paraglider:rito_goddess_statue":1,"blue_skies:turquoise_stone":1,"minecraft:spruce_planks":5,"blue_skies:diopside_sword":3,"blue_skies:pyrope_pickaxe":4,"minecraft:iron_chestplate":1,"minecraft:andesite":2,"minecraft:yellow_bed":1,"minecraft:oak_sapling":10,"minecraft:spider_eye":5,"blue_skies:pyrope_helmet":2,"blue_skies:pyrope_sword":1,"minecraft:bow":2,"minecraft:stone_pickaxe":1,"blue_skies:blinding_stone":63},"minecraft:used":{"blue_skies:aquite_sword":463,"minecraft:chest":6,"minecraft:shield":95,"minecraft:rotten_flesh":32,"minecraft:mutton":8,"minecraft:carrot":9,"blue_skies:pyrope_shovel":21,"blue_skies:turquoise_dripstone":20,"minecraft:snowball":19,"blue_skies:starlit_chest":1,"minecraft:lava_bucket":1,"minecraft:stone_bricks":6,"carryon:tile_item":2,"blue_skies:aquite_pickaxe":998,"blue_skies:carabeef":3,"minecraft:bow":160,"minecraft:oak_sapling":7,"minecraft:furnace":23,"blue_skies:turquoise_stone_pickaxe":49,"blue_skies:cryo_root":2,"blue_skies:glowing_blinding_stone":5,"spartanweaponry:katana_iron":87,"blue_skies:pyrope_sword":18,"minecraft:oak_planks":122,"minecraft:stone_pickaxe":87,"blue_skies:turquoise_cobblestone":135,"minecraft:wooden_pickaxe":10,"blue_skies:infused_arc_sword":57,"blue_skies:diopside_pickaxe":36,"minecraft:crossbow":5,"minecraft:blast_furnace":12,"blue_skies:ventium_water_bucket":70,"blue_skies:aquite_axe":174,"blue_skies:brewberry":3,"minecraft:string":2,"minecraft:bread":5,"minecraft:brown_wool":1,"tombstone:grave_key":35,"blue_skies:cooked_carabeef":6,"blue_skies:everbright_aquite_ore":2,"spartanweaponry:saber_iron":178,"minecraft:andesite":14,"minecraft:smithing_table":5,"minecraft:birch_log":1,"minecraft:oak_boat":5,"spartanweaponry:saber_stone":30,"minecraft:air":1,"minecraft:bone_meal":65,"blue_skies:soulbound_spear":3,"minecraft:oak_fence":19,"minecraft:flint_and_steel":10,"minecraft:spruce_planks":49,"spartanweaponry:greatsword_iron":53,"spartanweaponry:boomerang_wood":11,"blue_skies:blinding_stone":1,"blue_skies:turquoise_stone_sword":3,"minecraft:cooked_chicken":2,"minecraft:torch":111,"minecraft:dirt":136,"spartanweaponry:club_wood":9,"blue_skies:turquoise_dirt":21,"minecraft:golden_shovel":137,"minecraft:oak_fence_gate":1,"blue_skies:aquite_shovel":318,"blue_skies:diopside_axe":443,"minecraft:iron_axe":49,"carryon:entity_item":5,"spartanweaponry:longbow_netherite":41,"blue_skies:maple_crafting_table":4,"paraglider:rito_goddess_statue":2,"minecraft:beef":10,"tombstone:gift":8,"minecraft:cooked_beef":18,"minecraft:enchanted_golden_apple":2,"biomesoplenty:burning_blossom":1,"minecraft:cooked_mutton":33,"minecraft:wheat_seeds":21,"minecraft:water_bucket":20,"minecraft:cobblestone_stairs":49,"blue_skies:taratite":7,"minecraft:birch_planks":15,"minecraft:baked_potato":6,"blue_skies:frostbright_crafting_table":5,"minecraft:crafting_table":23,"minecraft:red_bed":2,"minecraft:white_bed":8,"minecraft:cod":1,"minecraft:smoker":6,"minecraft:oak_log":203,"tombstone:bag_of_seeds":2,"blue_skies:diopside_sword":208,"minecraft:apple":1,"minecraft:iron_pickaxe":292,"blue_skies:starlit_spear":3,"minecraft:stone_axe":71,"minecraft:potion":13,"minecraft:cobblestone":601,"blue_skies:pyrope_pickaxe":618,"blue_skies:loot_bag_summoner":1,"blue_skies:ventium_bucket":70,"minecraft:porkchop":6,"minecraft:cooked_porkchop":43,"minecraft:bucket":21,"minecraft:yellow_bed":7,"minecraft:splash_potion":4},"minecraft:picked_up":{"sereneseasons:calendar":3,"biomesoplenty:burning_blossom":1,"minecraft:wheat":26,"blue_skies:turquoise_stone_axe":1,"minecraft:smithing_table":5,"blue_skies:aquite_pickaxe":2,"blue_skies:blinding_key":1,"minecraft:potion":10,"minecraft:enchanted_book":5,"blue_skies:turquoise_dripstone":20,"blue_skies:soulbound_spear":2,"paraglider:goddess_statue":1,"minecraft:string":28,"minecraft:iron_leggings":1,"blue_skies:frostbright_log":16,"minecraft:armor_stand":1,"blue_skies:glowing_blinding_stone":17,"minecraft:smooth_stone":5,"minecraft:bucket":1,"minecraft:spruce_planks":16,"minecraft:rose_bush":5,"blue_skies:ventium_ore":7,"minecraft:iron_pickaxe":1,"minecraft:enchanted_golden_apple":2,"spartanweaponry:katana_iron":1,"blue_skies:diopside_sword":3,"minecraft:furnace":23,"minecraft:spruce_pressure_plate":1,"minecraft:tipped_arrow":296,"blue_skies:snowcap_mushroom":8,"minecraft:stick":10,"blue_skies:pyrope_boots":1,"minecraft:oak_fence":1,"minecraft:torch":44,"minecraft:porkchop":56,"tombstone:grave_dust":11,"minecraft:diorite":15,"blue_skies:aquite_gem":59,"blue_skies:bluebright_planks":47,"minecraft:rotten_flesh":45,"blue_skies:maple_crafting_table":4,"blue_skies:falsite_ore":5,"blue_skies:warding_pearl":1,"paraglider:paraglider":1,"minecraft:cod":1,"minecraft:snowball":6,"minecraft:cobblestone":876,"blue_skies:ventium_water_bucket":1,"minecraft:birch_log":18,"minecraft:feather":4,"minecraft:cooked_beef":3,"spartanweaponry:handle":2,"minecraft:andesite":23,"blue_skies:brewberry":3,"minecraft:brown_wool":5,"blue_skies:aquite_leggings":3,"mowziesmobs:barakoa_mask_fury":3,"minecraft:smoker":6,"minecraft:potato":2,"paraglider:spirit_orb":8,"minecraft:stripped_spruce_wood":4,"minecraft:dirt":516,"minecraft:bone":34,"minecraft:bow":2,"minecraft:wheat_seeds":119,"blue_skies:coarse_turquoise_dirt":1,"spartanweaponry:saber_iron":4,"blue_skies:starlit_stick":1,"minecraft:oak_planks":184,"blue_skies:diopside_gem":19,"blue_skies:snowcap_pinhead":48,"blue_skies:ethereal_arc":1,"blue_skies:frostbright_stick":1,"minecraft:grass_block":3,"minecraft:lily_of_the_valley":1,"blue_skies:chilled_lily_pad":1,"blue_skies:pine_fruit_seeds":6,"minecraft:sugar":3,"minecraft:diamond":6,"blue_skies:pyrope_leggings":2,"blue_skies:infused_arc_sword":1,"blue_skies:blinding_stone":56,"minecraft:crossbow":1,"blue_skies:turquoise_cobblestone_slab":1,"minecraft:granite":3,"blue_skies:turquoise_stonebrick":2,"minecraft:emerald":12,"minecraft:bread":2,"blue_skies:cooked_carabeef":2,"minecraft:oak_sapling":23,"minecraft:light_gray_carpet":2,"blue_skies:pyrope_pickaxe":3,"minecraft:charcoal":1,"minecraft:cocoa_beans":4,"minecraft:crafting_table":5,"minecraft:azure_bluet":1,"minecraft:splash_potion":3,"minecraft:chicken":2,"minecraft:packed_ice":6,"minecraft:red_bed":2,"minecraft:iron_axe":1,"minecraft:flint_and_steel":2,"paraglider:rito_goddess_statue":3,"minecraft:beef":31,"minecraft:oak_boat":3,"minecraft:poppy":5,"blue_skies:cherry_sapling":1,"minecraft:sugar_cane":24,"minecraft:birch_sapling":3,"minecraft:egg":3,"minecraft:stone":1,"blue_skies:brewberry_bush":10,"minecraft:oak_door":1,"blue_skies:frostbright_crafting_table":4,"sophisticatedbackpacks:backpack":2,"blue_skies:pyrope_chestplate":2,"blue_skies:carabeef":13,"blue_skies:summoner_trophy":3,"minecraft:carrot":9,"minecraft:redstone":16,"minecraft:arrow":29,"minecraft:beetroot_seeds":3,"mowziesmobs:barakoa_mask_fear":1,"blue_skies:aquite_chestplate":3,"blue_skies:pyrope_helmet":1,"minecraft:saddle":5,"blue_skies:moonstone_shard":19,"minecraft:mutton":46,"minecraft:white_wool":19,"blue_skies:mossy_turquoise_stonebrick":1,"minecraft:stripped_oak_log":4,"minecraft:leather":17,"minecraft:birch_planks":8,"minecraft:ice":10,"minecraft:oak_log":361,"blue_skies:turquoise_cobblestone":606,"minecraft:yellow_bed":8,"minecraft:gunpowder":8,"minecraft:cobblestone_stairs":70,"minecraft:blue_bed":1,"minecraft:paper":8,"minecraft:white_banner":4,"tombstone:gift":2,"minecraft:cooked_mutton":8,"blue_skies:soul_fragment":11,"minecraft:stone_bricks":6,"minecraft:apple":1,"minecraft:kelp":6,"blue_skies:pyrope_gem":77,"blue_skies:aquite_axe":3,"mowziesmobs:foliaath_seed":1,"blue_skies:taratite":15,"minecraft:iron_ingot":19,"minecraft:iron_ore":97,"tombstone:bag_of_seeds":1,"blue_skies:falsite_ingot":15,"minecraft:glass_bottle":4,"minecraft:book":22,"blue_skies:winter_leaf_seeds":3,"spartanweaponry:longbow_netherite":1,"minecraft:dandelion":23,"blue_skies:turquoise_dirt":64,"blue_skies:turquoise_stone_pickaxe":1,"minecraft:blast_furnace":11,"minecraft:white_bed":9,"minecraft:spruce_log":11,"blue_skies:everbright_aquite_ore":137,"minecraft:gold_ore":5,"blue_skies:starlit_log":8,"minecraft:spider_eye":11,"blue_skies:loot_bag_summoner":1,"blue_skies:aquite_sword":3,"blue_skies:starlit_planks":4,"blue_skies:ventium_ingot":13,"blue_skies:diopside_axe":1,"minecraft:iron_helmet":1,"minecraft:gray_wool":3,"tombstone:magic_scroll":2,"blue_skies:aquite_boots":1,"minecraft:coal":263},"minecraft:killed_by":{"mowziesmobs:naga":9,"minecraft:creeper":5,"blue_skies:polargeist":2,"minecraft:ravager":1,"minecraft:vindicator":22,"blue_skies:summoner":20,"minecraft:zombie":2,"minecraft:vex":1,"minecraft:player":4,"minecraft:spider":1,"minecraft:iron_golem":1,"blue_skies:armored_frost_spirit":7,"blue_skies:artificial_golem":17,"minecraft:skeleton":1},"minecraft:custom":{"minecraft:interact_with_crafting_table":188,"minecraft:open_barrel":2,"minecraft:bosses_defeated":1,"minecraft:bell_ring":47,"minecraft:interact_with_keystone":48,"minecraft:leave_game":12,"minecraft:time_since_death":33957,"minecraft:damage_resisted":158,"minecraft:sprint_one_cm":1871622,"minecraft:damage_blocked_by_shield":3608,"minecraft:drop":248,"minecraft:talked_to_villager":30,"minecraft:deaths":96,"minecraft:jump":12228,"minecraft:interact_with_brewingstand":6,"minecraft:walk_on_water_one_cm":116417,"minecraft:interact_with_furnace":155,"minecraft:traded_with_villager":2,"minecraft:play_one_minute":671985,"minecraft:sleep_in_bed":39,"tombstone:sneak_grave":1,"minecraft:damage_dealt":68108,"minecraft:player_kills":6,"minecraft:crouch_one_cm":15096,"tombstone:undead_killed":72,"minecraft:interact_with_smoker":39,"minecraft:horse_one_cm":1124198,"minecraft:mob_kills":334,"minecraft:dungeons_conquered":1,"minecraft:climb_one_cm":3899,"minecraft:walk_one_cm":1457689,"minecraft:interact_with_snowcap_oven":11,"minecraft:sneak_time":7429,"minecraft:walk_under_water_one_cm":96092,"minecraft:boat_one_cm":249096,"minecraft:interact_with_blast_furnace":62,"tombstone:raider_killed":34,"minecraft:interact_with_tool_box":5,"minecraft:time_since_rest":17511,"minecraft:damage_absorbed":730,"minecraft:damage_taken":37647,"minecraft:swim_one_cm":65297,"minecraft:fly_one_cm":2254557,"minecraft:open_chest":106,"minecraft:fall_one_cm":280246},"minecraft:crafted":{"minecraft:smooth_stone":8,"minecraft:oak_planks":380,"blue_skies:aquite_chestplate":4,"paraglider:rito_goddess_statue":1,"spartanweaponry:saber_stone":1,"minecraft:cooked_chicken":2,"blue_skies:turquoise_stone_pickaxe":1,"minecraft:cobblestone_stairs":44,"minecraft:stone":7,"minecraft:cooked_mutton":25,"blue_skies:aquite_helmet":4,"minecraft:bow":1,"minecraft:iron_boots":1,"blue_skies:aquite_pickaxe":4,"minecraft:chest":7,"blue_skies:pyrope_leggings":1,"spartanweaponry:greatsword_iron":1,"blue_skies:starlit_stick":8,"minecraft:oak_fence":18,"blue_skies:pyrope_sword":1,"minecraft:smoker":1,"blue_skies:blue_journal":1,"minecraft:emerald":1,"sophisticatedbackpacks:backpack":1,"blue_skies:aquite_leggings":4,"minecraft:cooked_porkchop":43,"blue_skies:pyrope_helmet":1,"minecraft:crafting_table":20,"minecraft:spruce_planks":52,"blue_skies:aquite_sword":2,"minecraft:wooden_pickaxe":1,"minecraft:iron_helmet":1,"minecraft:baked_potato":6,"blue_skies:aquite_axe":1,"minecraft:birch_planks":68,"minecraft:iron_chestplate":1,"minecraft:book":1,"blue_skies:diopside_sword":1,"minecraft:paper":3,"minecraft:charcoal":1,"minecraft:shield":3,"blue_skies:pyrope_pickaxe":5,"minecraft:stick":104,"blue_skies:ventium_bucket":1,"spartanweaponry:club_wood":1,"minecraft:iron_ingot":62,"blue_skies:aquite_boots":3,"minecraft:iron_pickaxe":2,"minecraft:gold_ingot":5,"blue_skies:frostbright_crafting_table":3,"blue_skies:turquoise_stone":1,"blue_skies:diopside_axe":1,"blue_skies:aquite_shovel":1,"blue_skies:frostbright_planks":32,"blue_skies:falsite_ingot":5,"minecraft:furnace":9,"minecraft:blast_furnace":1,"minecraft:bone_meal":81,"blue_skies:cooked_carabeef":4,"spartanweaponry:katana_iron":1,"minecraft:iron_axe":1,"blue_skies:turquoise_stone_sword":1,"minecraft:stone_pickaxe":1,"blue_skies:frostbright_stick":8,"blue_skies:pyrope_shovel":1,"blue_skies:pyrope_boots":1,"minecraft:cooked_beef":16,"paraglider:paraglider":1,"spartanweaponry:handle":8,"minecraft:golden_shovel":4,"blue_skies:diopside_pickaxe":1,"minecraft:bucket":1,"spartanweaponry:saber_iron":1,"minecraft:stone_axe":1,"blue_skies:ventium_ingot":7,"blue_skies:starlit_spear":1,"minecraft:air":0,"minecraft:oak_fence_gate":1,"minecraft:oak_boat":2,"minecraft:iron_leggings":1,"minecraft:white_bed":2,"blue_skies:starlit_planks":32,"blue_skies:starlit_chest":1,"minecraft:torch":96,"spartanweaponry:boomerang_wood":1,"blue_skies:aquite_gem":91},"minecraft:killed":{"blue_skies:armored_frost_spirit":39,"minecraft:witch":5,"minecraft:spider":18,"blue_skies:azulfo":1,"minecraft:skeleton":26,"blue_skies:diophyde_prowler":2,"minecraft:chicken":2,"blue_skies:shrumpty":17,"minecraft:cat":1,"minecraft:pig":24,"mowziesmobs:barakoan_player":1,"minecraft:creeper":3,"minecraft:sheep":13,"minecraft:pillager":14,"minecraft:zombie":35,"minecraft:stray":2,"minecraft:cow":18,"minecraft:evoker":1,"minecraft:vindicator":12,"blue_skies:summoner":1,"minecraft:drowned":1,"blue_skies:polargeist":8,"blue_skies:artificial_golem":60,"minecraft:rabbit":1,"minecraft:bat":1,"minecraft:ravager":1,"blue_skies:stardust_ram":10},"minecraft:mined":{"minecraft:spruce_planks":16,"minecraft:white_bed":8,"blue_skies:bluebright_leaves":4,"minecraft:cobblestone_stairs":14,"paraglider:rito_goddess_statue":3,"biomesoplenty:burning_blossom":1,"blue_skies:mossy_turquoise_stonebrick":1,"minecraft:granite":10,"blue_skies:taratite":10,"minecraft:grass_block":306,"blue_skies:brewberry_bush":3,"blue_skies:everbright_aquite_ore":133,"blue_skies:frostbright_crafting_table":3,"blue_skies:frostbright_vine":6,"blue_skies:snowcap_mushroom":1,"minecraft:spawner":4,"minecraft:tall_seagrass":1,"blue_skies:blue_fire":3,"minecraft:iron_ore":61,"minecraft:fire":9,"minecraft:tripwire":1,"minecraft:red_bed":2,"blue_skies:camellia":1,"blue_skies:turquoise_stonebrick":3,"blue_skies:turquoise_stone":640,"minecraft:smoker":6,"minecraft:torch":19,"minecraft:jungle_stairs":1,"minecraft:blast_furnace":11,"minecraft:poppy":2,"minecraft:cobblestone":118,"blue_skies:maple_crafting_table":3,"minecraft:oak_planks":10,"minecraft:sugar_cane":13,"minecraft:wall_torch":6,"minecraft:birch_log":18,"minecraft:wheat":28,"minecraft:grass":95,"minecraft:oak_log":332,"minecraft:dirt":161,"minecraft:oak_leaves":53,"blue_skies:everbright_pyrope_ore":44,"minecraft:diamond_ore":6,"blue_skies:frostbright_log":8,"minecraft:oak_door":1,"blue_skies:coarse_turquoise_dirt":11,"minecraft:jungle_planks":2,"minecraft:spruce_leaves":2,"minecraft:kelp":6,"minecraft:redstone_ore":4,"minecraft:furnace":22,"minecraft:carrots":6,"minecraft:andesite":21,"blue_skies:everbright_moonstone_ore":9,"minecraft:potatoes":1,"blue_skies:turquoise_cobblestone":18,"blue_skies:chillweed":4,"blue_skies:turquoise_dripstone":3,"minecraft:stripped_oak_log":4,"minecraft:packed_ice":9,"minecraft:stone":732,"blue_skies:tall_turquoise_grass":2,"minecraft:smithing_table":5,"minecraft:light_gray_carpet":2,"minecraft:glass_pane":1,"blue_skies:turquoise_grass":24,"blue_skies:starlit_log":8,"minecraft:dandelion":6,"minecraft:oak_fence":1,"minecraft:crafting_table":1,"minecraft:rose_bush":3,"minecraft:tall_grass":11,"minecraft:diorite":11,"minecraft:spruce_stairs":1,"blue_skies:falsite_ore":7,"blue_skies:turquoise_grass_block":15,"minecraft:stripped_spruce_wood":2,"blue_skies:everbright_diopside_ore":11,"blue_skies:turquoise_cobblestone_slab":1,"minecraft:ice":13,"minecraft:spruce_log":11,"minecraft:birch_leaves":6,"minecraft:yellow_bed":8,"minecraft:grass_path":1,"blue_skies:ventium_ore":7,"minecraft:coal_ore":55,"blue_skies:turquoise_dirt":40,"minecraft:gold_ore":5,"paraglider:goddess_statue":1},"minecraft:broken":{"minecraft:iron_boots":1,"minecraft:golden_shovel":4,"blue_skies:aquite_chestplate":2,"blue_skies:aquite_boots":2,"blue_skies:aquite_leggings":2,"blue_skies:aquite_helmet":3,"blue_skies:pyrope_pickaxe":2,"blue_skies:aquite_sword":1,"blue_skies:aquite_axe":1,"minecraft:iron_helmet":2,"blue_skies:aquite_pickaxe":1}},"DataVersion":2586}