{"stats":{"minecraft:broken":{"minecraft:iron_boots":1,"blue_skies:aquite_chestplate":2,"blue_skies:aquite_boots":2,"blue_skies:aquite_leggings":2,"blue_skies:aquite_helmet":3,"blue_skies:aquite_sword":1,"blue_skies:aquite_axe":1,"minecraft:iron_helmet":1,"blue_skies:aquite_pickaxe":1},"minecraft:crafted":{"minecraft:smooth_stone":8,"minecraft:oak_planks":184,"blue_skies:aquite_chestplate":4,"paraglider:rito_goddess_statue":1,"spartanweaponry:saber_stone":1,"minecraft:cooked_chicken":2,"blue_skies:turquoise_stone_pickaxe":1,"minecraft:stone":7,"minecraft:cooked_mutton":25,"blue_skies:aquite_helmet":4,"minecraft:bow":1,"minecraft:iron_boots":1,"blue_skies:aquite_pickaxe":4,"minecraft:chest":2,"blue_skies:pyrope_leggings":1,"spartanweaponry:greatsword_iron":1,"blue_skies:starlit_stick":8,"blue_skies:pyrope_sword":1,"minecraft:smoker":1,"blue_skies:blue_journal":1,"minecraft:emerald":1,"sophisticatedbackpacks:backpack":1,"blue_skies:aquite_leggings":4,"minecraft:cooked_porkchop":40,"minecraft:crafting_table":16,"blue_skies:pyrope_helmet":1,"blue_skies:aquite_sword":2,"minecraft:wooden_pickaxe":1,"minecraft:iron_helmet":1,"blue_skies:aquite_axe":1,"minecraft:birch_planks":68,"minecraft:iron_chestplate":1,"minecraft:book":1,"minecraft:paper":3,"minecraft:charcoal":1,"minecraft:shield":3,"blue_skies:pyrope_pickaxe":1,"minecraft:stick":56,"blue_skies:ventium_bucket":1,"spartanweaponry:club_wood":1,"minecraft:iron_ingot":45,"blue_skies:aquite_boots":2,"minecraft:iron_pickaxe":1,"blue_skies:frostbright_crafting_table":3,"blue_skies:turquoise_stone":1,"blue_skies:diopside_axe":1,"blue_skies:aquite_shovel":1,"blue_skies:frostbright_planks":32,"blue_skies:falsite_ingot":5,"minecraft:furnace":9,"minecraft:blast_furnace":1,"minecraft:bone_meal":81,"blue_skies:cooked_carabeef":4,"spartanweaponry:katana_iron":1,"minecraft:iron_axe":1,"blue_skies:turquoise_stone_sword":1,"minecraft:stone_pickaxe":1,"blue_skies:frostbright_stick":8,"blue_skies:pyrope_boots":1,"minecraft:cooked_beef":8,"paraglider:paraglider":1,"spartanweaponry:handle":4,"minecraft:bucket":1,"spartanweaponry:saber_iron":1,"minecraft:stone_axe":1,"blue_skies:ventium_ingot":7,"blue_skies:starlit_spear":1,"minecraft:air":0,"minecraft:oak_boat":2,"minecraft:iron_leggings":1,"minecraft:white_bed":2,"blue_skies:starlit_planks":32,"blue_skies:starlit_chest":1,"minecraft:torch":56,"spartanweaponry:boomerang_wood":1,"blue_skies:aquite_gem":91},"minecraft:mined":{"minecraft:white_bed":7,"blue_skies:bluebright_leaves":4,"paraglider:rito_goddess_statue":3,"blue_skies:mossy_turquoise_stonebrick":1,"minecraft:granite":2,"blue_skies:taratite":10,"minecraft:grass_block":7,"blue_skies:brewberry_bush":3,"blue_skies:everbright_aquite_ore":131,"blue_skies:frostbright_crafting_table":3,"blue_skies:frostbright_vine":6,"blue_skies:snowcap_mushroom":1,"minecraft:spawner":4,"blue_skies:blue_fire":3,"minecraft:iron_ore":53,"minecraft:fire":3,"minecraft:tripwire":1,"blue_skies:camellia":1,"blue_skies:turquoise_stonebrick":3,"blue_skies:turquoise_stone":640,"minecraft:smoker":1,"minecraft:torch":6,"minecraft:blast_furnace":8,"minecraft:cobblestone":12,"blue_skies:maple_crafting_table":3,"minecraft:oak_planks":3,"minecraft:sugar_cane":13,"minecraft:wall_torch":6,"minecraft:birch_log":18,"minecraft:wheat":28,"minecraft:grass":26,"minecraft:oak_log":59,"minecraft:dirt":8,"minecraft:oak_leaves":25,"blue_skies:everbright_pyrope_ore":44,"minecraft:diamond_ore":6,"blue_skies:frostbright_log":8,"minecraft:oak_door":1,"blue_skies:coarse_turquoise_dirt":11,"minecraft:kelp":6,"minecraft:redstone_ore":4,"minecraft:furnace":22,"minecraft:carrots":6,"minecraft:andesite":12,"blue_skies:everbright_moonstone_ore":9,"minecraft:potatoes":1,"blue_skies:turquoise_cobblestone":14,"blue_skies:chillweed":4,"blue_skies:turquoise_dripstone":3,"minecraft:stripped_oak_log":4,"minecraft:packed_ice":9,"minecraft:stone":178,"blue_skies:tall_turquoise_grass":2,"minecraft:smithing_table":5,"blue_skies:turquoise_grass":24,"blue_skies:starlit_log":8,"minecraft:crafting_table":1,"minecraft:rose_bush":1,"minecraft:tall_grass":8,"minecraft:diorite":2,"blue_skies:falsite_ore":7,"blue_skies:turquoise_grass_block":15,"blue_skies:everbright_diopside_ore":11,"blue_skies:turquoise_cobblestone_slab":1,"minecraft:ice":12,"minecraft:birch_leaves":6,"minecraft:yellow_bed":8,"minecraft:grass_path":1,"blue_skies:ventium_ore":7,"minecraft:coal_ore":25,"blue_skies:turquoise_dirt":40,"minecraft:gold_ore":5,"paraglider:goddess_statue":1},"minecraft:used":{"blue_skies:aquite_sword":463,"minecraft:chest":1,"minecraft:shield":95,"minecraft:rotten_flesh":30,"minecraft:mutton":8,"minecraft:carrot":9,"blue_skies:turquoise_dripstone":20,"blue_skies:starlit_chest":1,"minecraft:lava_bucket":1,"carryon:tile_item":1,"blue_skies:aquite_pickaxe":896,"blue_skies:carabeef":3,"minecraft:bow":160,"minecraft:furnace":23,"blue_skies:turquoise_stone_pickaxe":49,"blue_skies:glowing_blinding_stone":5,"blue_skies:cryo_root":2,"spartanweaponry:katana_iron":87,"blue_skies:pyrope_sword":18,"minecraft:oak_planks":33,"minecraft:stone_pickaxe":87,"blue_skies:turquoise_cobblestone":119,"minecraft:wooden_pickaxe":10,"blue_skies:infused_arc_sword":57,"minecraft:blast_furnace":9,"blue_skies:ventium_water_bucket":50,"blue_skies:aquite_axe":151,"blue_skies:brewberry":3,"minecraft:string":2,"minecraft:bread":2,"minecraft:brown_wool":1,"tombstone:grave_key":32,"blue_skies:cooked_carabeef":6,"spartanweaponry:saber_iron":129,"minecraft:andesite":14,"minecraft:smithing_table":5,"minecraft:birch_log":1,"minecraft:oak_boat":2,"spartanweaponry:saber_stone":30,"minecraft:air":1,"minecraft:bone_meal":65,"blue_skies:soulbound_spear":2,"minecraft:flint_and_steel":3,"spartanweaponry:greatsword_iron":53,"spartanweaponry:boomerang_wood":11,"blue_skies:blinding_stone":1,"blue_skies:turquoise_stone_sword":3,"minecraft:cooked_chicken":2,"minecraft:torch":62,"minecraft:dirt":42,"spartanweaponry:club_wood":9,"blue_skies:turquoise_dirt":21,"blue_skies:aquite_shovel":12,"blue_skies:diopside_axe":98,"minecraft:iron_axe":49,"carryon:entity_item":5,"spartanweaponry:longbow_netherite":41,"blue_skies:maple_crafting_table":4,"paraglider:rito_goddess_statue":2,"minecraft:beef":10,"tombstone:gift":6,"minecraft:cooked_beef":10,"minecraft:enchanted_golden_apple":2,"minecraft:cooked_mutton":33,"minecraft:wheat_seeds":21,"minecraft:water_bucket":20,"blue_skies:taratite":7,"minecraft:birch_planks":15,"blue_skies:frostbright_crafting_table":5,"minecraft:crafting_table":18,"minecraft:white_bed":7,"minecraft:cod":1,"minecraft:smoker":2,"blue_skies:diopside_sword":45,"minecraft:apple":1,"minecraft:iron_pickaxe":235,"blue_skies:starlit_spear":3,"minecraft:stone_axe":71,"minecraft:potion":13,"minecraft:cobblestone":151,"blue_skies:pyrope_pickaxe":40,"blue_skies:loot_bag_summoner":1,"blue_skies:ventium_bucket":51,"minecraft:porkchop":2,"minecraft:cooked_porkchop":40,"minecraft:bucket":21,"minecraft:yellow_bed":7,"minecraft:splash_potion":4},"minecraft:picked_up":{"minecraft:wheat":26,"minecraft:smithing_table":5,"blue_skies:blinding_key":1,"minecraft:potion":10,"minecraft:enchanted_book":3,"blue_skies:turquoise_dripstone":20,"blue_skies:soulbound_spear":1,"paraglider:goddess_statue":1,"minecraft:string":17,"minecraft:iron_leggings":1,"blue_skies:frostbright_log":16,"minecraft:armor_stand":1,"blue_skies:glowing_blinding_stone":17,"minecraft:smooth_stone":5,"minecraft:bucket":1,"minecraft:rose_bush":1,"blue_skies:ventium_ore":7,"minecraft:enchanted_golden_apple":2,"spartanweaponry:katana_iron":1,"blue_skies:diopside_sword":2,"minecraft:furnace":23,"minecraft:tipped_arrow":295,"blue_skies:snowcap_mushroom":1,"minecraft:stick":8,"blue_skies:pyrope_boots":1,"minecraft:torch":18,"minecraft:porkchop":49,"tombstone:grave_dust":8,"minecraft:diorite":1,"blue_skies:aquite_gem":59,"blue_skies:bluebright_planks":38,"minecraft:rotten_flesh":32,"blue_skies:maple_crafting_table":4,"blue_skies:falsite_ore":5,"minecraft:cod":1,"minecraft:cobblestone":253,"minecraft:birch_log":18,"minecraft:potato":1,"minecraft:feather":4,"minecraft:cooked_beef":3,"spartanweaponry:handle":2,"minecraft:andesite":14,"blue_skies:brewberry":3,"minecraft:brown_wool":5,"blue_skies:aquite_leggings":2,"mowziesmobs:barakoa_mask_fury":3,"minecraft:smoker":1,"paraglider:spirit_orb":8,"minecraft:dirt":31,"minecraft:bone":27,"minecraft:bow":1,"minecraft:wheat_seeds":84,"blue_skies:coarse_turquoise_dirt":1,"spartanweaponry:saber_iron":2,"blue_skies:starlit_stick":1,"minecraft:oak_planks":151,"blue_skies:diopside_gem":19,"blue_skies:snowcap_pinhead":9,"blue_skies:ethereal_arc":1,"blue_skies:frostbright_stick":1,"minecraft:lily_of_the_valley":1,"blue_skies:chilled_lily_pad":1,"blue_skies:pine_fruit_seeds":6,"minecraft:diamond":6,"blue_skies:pyrope_leggings":2,"blue_skies:infused_arc_sword":1,"blue_skies:blinding_stone":56,"blue_skies:turquoise_cobblestone_slab":1,"minecraft:granite":2,"blue_skies:turquoise_stonebrick":2,"minecraft:emerald":7,"minecraft:bread":2,"blue_skies:cooked_carabeef":2,"minecraft:oak_sapling":10,"minecraft:charcoal":1,"minecraft:crafting_table":3,"minecraft:azure_bluet":1,"minecraft:splash_potion":3,"minecraft:chicken":2,"minecraft:packed_ice":6,"minecraft:flint_and_steel":1,"paraglider:rito_goddess_statue":3,"minecraft:beef":23,"minecraft:poppy":2,"blue_skies:cherry_sapling":1,"minecraft:sugar_cane":24,"minecraft:birch_sapling":3,"minecraft:egg":3,"minecraft:stone":1,"blue_skies:brewberry_bush":10,"minecraft:oak_door":1,"blue_skies:frostbright_crafting_table":4,"blue_skies:pyrope_chestplate":2,"blue_skies:carabeef":8,"blue_skies:summoner_trophy":3,"minecraft:carrot":9,"minecraft:redstone":16,"minecraft:arrow":26,"mowziesmobs:barakoa_mask_fear":1,"blue_skies:aquite_chestplate":2,"blue_skies:pyrope_helmet":1,"minecraft:saddle":1,"blue_skies:moonstone_shard":19,"minecraft:mutton":46,"minecraft:white_wool":19,"blue_skies:mossy_turquoise_stonebrick":1,"minecraft:stripped_oak_log":4,"minecraft:leather":14,"minecraft:birch_planks":8,"minecraft:ice":10,"minecraft:oak_log":85,"blue_skies:turquoise_cobblestone":602,"minecraft:yellow_bed":8,"minecraft:gunpowder":4,"minecraft:paper":8,"tombstone:gift":1,"minecraft:cooked_mutton":8,"blue_skies:soul_fragment":11,"minecraft:apple":1,"blue_skies:pyrope_gem":59,"minecraft:kelp":6,"blue_skies:aquite_axe":1,"blue_skies:taratite":15,"minecraft:iron_ingot":7,"minecraft:iron_ore":89,"blue_skies:falsite_ingot":15,"minecraft:glass_bottle":4,"minecraft:book":11,"blue_skies:winter_leaf_seeds":3,"spartanweaponry:longbow_netherite":1,"blue_skies:turquoise_dirt":64,"blue_skies:turquoise_stone_pickaxe":1,"minecraft:blast_furnace":8,"minecraft:white_bed":8,"blue_skies:everbright_aquite_ore":135,"minecraft:gold_ore":5,"blue_skies:starlit_log":8,"minecraft:spider_eye":5,"blue_skies:loot_bag_summoner":1,"blue_skies:aquite_sword":1,"blue_skies:starlit_planks":4,"blue_skies:ventium_ingot":10,"minecraft:gray_wool":3,"tombstone:magic_scroll":2,"minecraft:coal":83},"minecraft:custom":{"minecraft:interact_with_crafting_table":165,"minecraft:open_barrel":2,"minecraft:bosses_defeated":1,"minecraft:interact_with_keystone":48,"minecraft:leave_game":12,"minecraft:time_since_death":4774,"minecraft:damage_resisted":158,"minecraft:sprint_one_cm":1463852,"minecraft:damage_blocked_by_shield":3608,"minecraft:drop":187,"minecraft:talked_to_villager":27,"minecraft:deaths":80,"minecraft:jump":9174,"minecraft:interact_with_brewingstand":6,"minecraft:walk_on_water_one_cm":105689,"minecraft:interact_with_furnace":152,"minecraft:traded_with_villager":2,"minecraft:play_one_minute":504230,"minecraft:sleep_in_bed":27,"tombstone:sneak_grave":1,"minecraft:damage_dealt":55246,"minecraft:player_kills":4,"minecraft:crouch_one_cm":14188,"tombstone:undead_killed":56,"minecraft:interact_with_smoker":6,"minecraft:horse_one_cm":663600,"minecraft:mob_kills":276,"minecraft:dungeons_conquered":1,"minecraft:climb_one_cm":3899,"minecraft:walk_one_cm":1047589,"minecraft:interact_with_snowcap_oven":11,"minecraft:sneak_time":6813,"minecraft:walk_under_water_one_cm":80408,"minecraft:boat_one_cm":103135,"minecraft:interact_with_blast_furnace":51,"tombstone:raider_killed":6,"minecraft:time_since_rest":4557,"minecraft:damage_absorbed":730,"minecraft:damage_taken":31087,"minecraft:swim_one_cm":57697,"minecraft:fly_one_cm":1618387,"minecraft:open_chest":47,"minecraft:fall_one_cm":215969},"minecraft:killed_by":{"mowziesmobs:naga":9,"minecraft:creeper":2,"blue_skies:polargeist":2,"minecraft:vindicator":12,"blue_skies:summoner":20,"minecraft:zombie":1,"minecraft:player":4,"minecraft:spider":1,"minecraft:iron_golem":1,"blue_skies:armored_frost_spirit":7,"blue_skies:artificial_golem":17,"minecraft:skeleton":1},"minecraft:dropped":{"minecraft:porkchop":1,"blue_skies:infused_arc_sword":1,"blue_skies:snowcap_mushroom":1,"minecraft:glass_bottle":18,"minecraft:crafting_table":1,"blue_skies:aquite_chestplate":3,"blue_skies:aquite_sword":1,"minecraft:emerald":1,"minecraft:dirt":5,"blue_skies:turquoise_stone_pickaxe":2,"minecraft:packed_ice":6,"minecraft:ice":4,"blue_skies:mossy_turquoise_stonebrick":1,"blue_skies:turquoise_cobblestone":299,"minecraft:mutton":2,"blue_skies:starlit_stick":1,"blue_skies:aquite_leggings":3,"blue_skies:aquite_gem":4,"blue_skies:snowcap_pinhead":5,"minecraft:iron_pickaxe":1,"blue_skies:frostbright_crafting_table":2,"blue_skies:brewberry_bush":10,"minecraft:oak_door":1,"minecraft:stone_axe":1,"blue_skies:winter_leaf_seeds":4,"spartanweaponry:saber_iron":2,"blue_skies:turquoise_dirt":28,"minecraft:rotten_flesh":3,"minecraft:oak_planks":68,"blue_skies:pine_fruit_seeds":6,"blue_skies:falsite_ingot":20,"blue_skies:everbright_aquite_ore":27,"minecraft:azure_bluet":1,"blue_skies:glowing_blinding_stone":12,"minecraft:poppy":2,"blue_skies:soulbound_spear":1,"minecraft:tipped_arrow":63,"blue_skies:cherry_sapling":1,"blue_skies:starlit_planks":8,"minecraft:splash_potion":1,"minecraft:egg":2,"minecraft:enchanted_book":1,"minecraft:bread":2,"spartanweaponry:handle":2,"blue_skies:pyrope_boots":2,"blue_skies:chilled_lily_pad":1,"minecraft:granite":2,"blue_skies:ventium_ingot":10,"blue_skies:bluebright_planks":38,"minecraft:stick":17,"minecraft:gray_wool":3,"minecraft:diorite":1,"blue_skies:pyrope_leggings":3,"minecraft:torch":2,"tombstone:grave_key":1,"minecraft:rose_bush":1,"minecraft:brown_wool":4,"blue_skies:turquoise_stone_sword":1,"minecraft:potion":1,"blue_skies:aquite_pickaxe":2,"minecraft:iron_leggings":2,"blue_skies:frostbright_stick":2,"minecraft:smooth_stone":5,"minecraft:paper":8,"spartanweaponry:longbow_netherite":1,"minecraft:furnace":6,"blue_skies:turquoise_stonebrick":2,"minecraft:kelp":6,"blue_skies:pyrope_chestplate":2,"spartanweaponry:saber_stone":1,"blue_skies:taratite":3,"blue_skies:coarse_turquoise_dirt":1,"blue_skies:summoner_trophy":3,"minecraft:flint_and_steel":1,"minecraft:lily_of_the_valley":1,"spartanweaponry:katana_iron":2,"minecraft:shield":3,"mowziesmobs:barakoa_mask_fury":3,"paraglider:rito_goddess_statue":1,"blue_skies:turquoise_stone":1,"blue_skies:diopside_sword":2,"blue_skies:pyrope_pickaxe":1,"minecraft:iron_chestplate":1,"minecraft:yellow_bed":1,"minecraft:oak_sapling":7,"minecraft:spider_eye":5,"blue_skies:pyrope_helmet":2,"blue_skies:pyrope_sword":1,"minecraft:bow":2,"minecraft:stone_pickaxe":1,"blue_skies:blinding_stone":63},"minecraft:killed":{"blue_skies:armored_frost_spirit":39,"minecraft:witch":2,"blue_skies:azulfo":1,"minecraft:spider":15,"minecraft:skeleton":21,"blue_skies:diophyde_prowler":2,"minecraft:chicken":2,"blue_skies:shrumpty":17,"minecraft:cat":1,"minecraft:pig":21,"mowziesmobs:barakoan_player":1,"minecraft:creeper":3,"minecraft:sheep":12,"minecraft:zombie":26,"minecraft:cow":14,"minecraft:vindicator":3,"blue_skies:summoner":1,"minecraft:drowned":1,"blue_skies:polargeist":8,"blue_skies:artificial_golem":60,"minecraft:bat":1,"blue_skies:stardust_ram":10}},"DataVersion":2586}