{"stats":{"minecraft:broken":{"blue_skies:pyrope_boots":1,"blue_skies:aquite_boots":1,"minecraft:wooden_axe":1,"blue_skies:aquite_helmet":1,"blue_skies:moonstone_shield":1,"spartanweaponry:scythe_stone":2,"blue_skies:pyrope_pickaxe":2,"blue_skies:pyrope_leggings":1,"minecraft:wooden_pickaxe":2},"minecraft:mined":{"blue_skies:moonstone":1,"blue_skies:snowcap_pinhead":2,"blue_skies:taratite":8,"minecraft:grass_block":10,"blue_skies:brewberry_bush":33,"blue_skies:everbright_aquite_ore":25,"blue_skies:frostbright_vine":1,"blue_skies:snowcap_mushroom_stem":52,"blue_skies:snowcap_mushroom":7,"blue_skies:rimestone":9,"blue_skies:blue_fire":6,"minecraft:iron_ore":9,"minecraft:fire":37,"minecraft:fletching_table":1,"minecraft:azure_bluet":2,"blue_skies:spider_webbing":2,"blue_skies:camellia":2,"blue_skies:turquoise_stone":380,"minecraft:torch":1,"minecraft:chest":1,"minecraft:cobblestone":14,"minecraft:oak_planks":1,"minecraft:wall_torch":1,"minecraft:birch_log":12,"minecraft:lilac":1,"blue_skies:moonstone_crystal":3,"minecraft:grass":112,"minecraft:oak_log":26,"blue_skies:brittlebush":1,"minecraft:sand":49,"minecraft:dirt":1,"minecraft:zombie_wall_head":1,"minecraft:oak_leaves":11,"blue_skies:everbright_pyrope_ore":49,"blue_skies:frostbright_log":5,"blue_skies:coarse_turquoise_dirt":2,"blue_skies:chilled_lily_pad":1,"minecraft:sandstone":1,"minecraft:hay_block":6,"blue_skies:frostbright_bookshelf":1,"minecraft:furnace":1,"minecraft:andesite":1,"blue_skies:everbright_moonstone_ore":161,"blue_skies:turquoise_cobblestone":15,"blue_skies:turquoise_dripstone":5,"minecraft:packed_ice":2,"minecraft:stone":103,"minecraft:light_gray_carpet":2,"minecraft:glass_pane":6,"blue_skies:turquoise_grass":39,"blue_skies:starlit_log":2,"blue_skies:warding_pearl":1,"minecraft:dandelion":1,"minecraft:crafting_table":1,"blue_skies:briskbloom":6,"minecraft:tall_grass":26,"blue_skies:snowcap_mushroom_block":9,"minecraft:diorite":7,"blue_skies:falsite_ore":20,"blue_skies:turquoise_grass_block":4,"minecraft:ice":3,"minecraft:birch_leaves":7,"minecraft:grass_path":2,"minecraft:yellow_bed":8,"blue_skies:ventium_ore":22,"minecraft:coal_ore":76,"blue_skies:everbright_charoite_ore":4,"blue_skies:bluebright_log":9,"blue_skies:turquoise_dirt":4,"minecraft:sunflower":9,"minecraft:gravel":2,"minecraft:cobweb":1},"minecraft:crafted":{"minecraft:oak_planks":168,"blue_skies:turquoise_stone_pickaxe":2,"minecraft:cooked_mutton":9,"blue_skies:aquite_helmet":1,"minecraft:iron_boots":1,"tombstone:grave_key":2,"blue_skies:aquite_pickaxe":1,"blue_skies:pyrope_sword":1,"spartanweaponry:saber_diamond":1,"blue_skies:blue_journal":1,"sophisticatedbackpacks:backpack":1,"minecraft:cooked_porkchop":6,"minecraft:crafting_table":5,"blue_skies:pyrope_helmet":1,"blue_skies:aquite_sword":1,"minecraft:wooden_pickaxe":2,"minecraft:iron_helmet":1,"blue_skies:pyrope_axe":1,"blue_skies:pyrope_pickaxe":2,"minecraft:stick":44,"blue_skies:ventium_bucket":1,"minecraft:iron_ingot":23,"minecraft:iron_pickaxe":1,"spartanweaponry:scythe_stone":2,"blue_skies:frostbright_crafting_table":1,"blue_skies:turquoise_stone_axe":2,"minecraft:wooden_sword":1,"blue_skies:frostbright_planks":12,"minecraft:stone_shovel":1,"blue_skies:bluebright_planks":32,"minecraft:furnace":5,"minecraft:flint_and_steel":1,"blue_skies:turquoise_stone_sword":2,"minecraft:stone_pickaxe":1,"minecraft:cooked_beef":13,"paraglider:paraglider":1,"minecraft:cooked_cod":1,"spartanweaponry:pole":5,"blue_skies:ventium_shears":1,"blue_skies:pyrope_chestplate":1,"spartanweaponry:handle":1,"blue_skies:ventium_ingot":15,"minecraft:oak_boat":1,"blue_skies:bluebright_stick":4,"minecraft:wooden_axe":1,"minecraft:torch":20,"blue_skies:aquite_gem":12},"minecraft:used":{"blue_skies:aquite_sword":576,"minecraft:mutton":2,"minecraft:snowball":16,"minecraft:packed_ice":4,"blue_skies:bluebright_planks":13,"minecraft:birch_sapling":1,"blue_skies:carabeef":2,"blue_skies:aquite_pickaxe":213,"minecraft:furnace":7,"minecraft:cooked_cod":1,"minecraft:egg":4,"blue_skies:turquoise_stone_pickaxe":102,"blue_skies:bluebright_spear":122,"blue_skies:pyrope_axe":120,"blue_skies:glowing_blinding_stone":7,"minecraft:diorite":6,"blue_skies:cryo_root":2,"blue_skies:pyrope_sword":170,"minecraft:stone_pickaxe":58,"blue_skies:turquoise_cobblestone":79,"minecraft:wooden_pickaxe":122,"blue_skies:chiseled_turquoise_stonebrick":34,"blue_skies:infused_arc_sword":110,"blue_skies:different_sword":11,"minecraft:sand":48,"spartanweaponry:saber_diamond":169,"blue_skies:municipal_monkfish":1,"blue_skies:brewberry":49,"blue_skies:moonstone_shield":86,"minecraft:zombie_head":1,"minecraft:bread":2,"blue_skies:cooked_carabeef":11,"tombstone:grave_key":5,"minecraft:gravel":1,"minecraft:lilac":1,"minecraft:wooden_sword":71,"blue_skies:turquoise_stone_axe":25,"minecraft:ice":3,"minecraft:oak_boat":1,"minecraft:air":1,"blue_skies:soulbound_spear":84,"minecraft:flint_and_steel":74,"minecraft:stone_shovel":43,"minecraft:light_gray_carpet":1,"blue_skies:blinding_stone":3,"minecraft:cooked_salmon":8,"blue_skies:turquoise_stone_sword":19,"minecraft:oak_door":2,"minecraft:torch":21,"minecraft:dirt":13,"blue_skies:turquoise_dirt":2,"minecraft:wooden_axe":45,"carryon:entity_item":1,"blue_skies:brewberry_bush":1,"blue_skies:coarse_turquoise_dirt":1,"tombstone:gift":6,"minecraft:cooked_beef":14,"minecraft:enchanted_golden_apple":2,"blue_skies:moonstone":1,"minecraft:cooked_mutton":42,"tombstone:scroll_of_reach":2,"spartanweaponry:scythe_stone":281,"blue_skies:taratite":5,"blue_skies:horizonite_sword":13,"minecraft:fletching_table":1,"blue_skies:frostbright_crafting_table":1,"spartanweaponry:dynamite":1,"minecraft:crafting_table":8,"mowziesmobs:thatch_block":7,"minecraft:white_bed":1,"tombstone:bag_of_seeds":1,"minecraft:oak_log":3,"blue_skies:diopside_sword":157,"minecraft:apple":1,"minecraft:sunflower":3,"minecraft:iron_pickaxe":57,"blue_skies:bluebright_door":2,"blue_skies:frostbright_log":2,"minecraft:stone_axe":1,"minecraft:potion":7,"blue_skies:pyrope_pickaxe":406,"blue_skies:loot_bag_summoner":1,"minecraft:cooked_porkchop":6,"minecraft:yellow_bed":7,"minecraft:splash_potion":1},"minecraft:picked_up":{"mowziesmobs:barakoa_mask_faith":3,"blue_skies:horizonite_sword":1,"blue_skies:turquoise_dripstone":10,"tombstone:grave_key":1,"minecraft:brewing_stand":1,"blue_skies:soulbound_spear":4,"minecraft:string":12,"blue_skies:rimestone":8,"blue_skies:frostbright_log":5,"blue_skies:glowing_blinding_stone":6,"minecraft:zombie_head":2,"blue_skies:ventium_ore":20,"spartanweaponry:drowned_head":4,"minecraft:furnace":2,"minecraft:tipped_arrow":3,"blue_skies:snowcap_mushroom":7,"minecraft:stick":10,"minecraft:torch":3,"minecraft:porkchop":9,"tombstone:grave_dust":2,"minecraft:diorite":7,"blue_skies:aquite_gem":4,"blue_skies:bluebright_planks":38,"minecraft:rotten_flesh":17,"blue_skies:pyrope_sword":1,"blue_skies:falsite_ore":20,"blue_skies:warding_pearl":1,"mowziesmobs:barakoa_mask_misery":1,"minecraft:cod":1,"minecraft:snowball":24,"minecraft:cobblestone":119,"minecraft:birch_log":12,"minecraft:lilac":1,"minecraft:cooked_beef":1,"minecraft:feather":5,"blue_skies:brewberry":47,"minecraft:andesite":2,"minecraft:brown_wool":1,"mowziesmobs:barakoa_mask_fury":12,"minecraft:flint":1,"minecraft:dirt":31,"minecraft:bone":12,"minecraft:bow":1,"minecraft:wheat_seeds":10,"blue_skies:camellia":2,"blue_skies:coarse_turquoise_dirt":1,"minecraft:fletching_table":1,"minecraft:glowstone_dust":1,"spartanweaponry:saber_iron":1,"minecraft:oak_planks":1,"blue_skies:snowcap_pinhead":42,"blue_skies:everbright_charoite_ore":4,"minecraft:sand":49,"blue_skies:ethereal_arc":1,"blue_skies:crushing_hammer":1,"blue_skies:pine_fruit_seeds":2,"minecraft:sugar":1,"blue_skies:blinding_stone":15,"minecraft:emerald":2,"blue_skies:cooked_carabeef":13,"minecraft:oak_sapling":17,"minecraft:light_gray_carpet":2,"blue_skies:pyrope_pickaxe":1,"minecraft:crafting_table":1,"blue_skies:star_flare":3,"minecraft:chicken":2,"minecraft:packed_ice":22,"blue_skies:municipal_monkfish":1,"spartanweaponry:saber_stone":1,"minecraft:beef":36,"minecraft:oak_boat":1,"minecraft:poppy":2,"minecraft:chest":1,"minecraft:sugar_cane":6,"minecraft:birch_sapling":1,"minecraft:egg":4,"minecraft:sandstone":1,"blue_skies:brewberry_bush":27,"minecraft:oak_door":2,"blue_skies:carabeef":3,"blue_skies:summoner_trophy":2,"blue_skies:briskbloom":4,"minecraft:arrow":2,"minecraft:hay_block":6,"mowziesmobs:barakoa_mask_fear":2,"tombstone:essence_of_undeath":1,"minecraft:gold_ingot":1,"blue_skies:moonstone_shard":289,"minecraft:mutton":9,"minecraft:white_wool":6,"minecraft:leather":19,"blue_skies:moonstone":1,"minecraft:ice":3,"spartanweaponry:scythe_stone":1,"blue_skies:loot_bag":2,"minecraft:oak_log":28,"blue_skies:turquoise_cobblestone":400,"minecraft:yellow_bed":7,"minecraft:gunpowder":6,"tombstone:gift":1,"minecraft:cooked_mutton":4,"blue_skies:soul_fragment":15,"mowziesmobs:barakoa_mask_rage":3,"minecraft:apple":1,"blue_skies:pyrope_gem":45,"blue_skies:taratite":5,"minecraft:iron_ingot":41,"minecraft:iron_ore":10,"tombstone:bag_of_seeds":1,"blue_skies:falsite_ingot":5,"minecraft:glass_bottle":3,"mowziesmobs:thatch_block":1,"blue_skies:moonstone_crystal":3,"blue_skies:winter_leaf_seeds":2,"minecraft:book":5,"blue_skies:turquoise_dirt":32,"minecraft:gravel":2,"mowziesmobs:barakoa_mask_bliss":1,"blue_skies:bluebright_log":8,"blue_skies:everbright_aquite_ore":52,"blue_skies:starlit_log":2,"minecraft:spider_eye":1,"blue_skies:loot_bag_summoner":1,"blue_skies:aquite_sword":1,"blue_skies:starlit_planks":2,"minecraft:iron_helmet":2,"minecraft:gray_wool":2,"minecraft:coal":107,"minecraft:sunflower":5},"minecraft:custom":{"minecraft:interact_with_crafting_table":76,"minecraft:open_barrel":9,"minecraft:bell_ring":2,"minecraft:interact_with_keystone":26,"minecraft:leave_game":6,"minecraft:time_since_death":30044,"minecraft:damage_resisted":430,"minecraft:sprint_one_cm":779804,"minecraft:damage_blocked_by_shield":3201,"minecraft:drop":165,"minecraft:talked_to_villager":21,"minecraft:deaths":51,"minecraft:jump":4677,"minecraft:interact_with_brewingstand":8,"minecraft:walk_on_water_one_cm":36333,"minecraft:interact_with_furnace":66,"minecraft:traded_with_villager":1,"minecraft:play_one_minute":486106,"minecraft:sleep_in_bed":13,"minecraft:damage_dealt":38700,"minecraft:player_kills":4,"minecraft:crouch_one_cm":1216,"tombstone:undead_killed":21,"minecraft:interact_with_smoker":1,"minecraft:horse_one_cm":56753,"minecraft:interact_with_smithing_table":1,"minecraft:mob_kills":162,"minecraft:damage_dealt_resisted":39,"minecraft:climb_one_cm":7758,"minecraft:walk_one_cm":1934698,"minecraft:interact_with_snowcap_oven":6,"minecraft:sneak_time":565,"minecraft:walk_under_water_one_cm":53447,"minecraft:boat_one_cm":428011,"tombstone:raider_killed":6,"minecraft:pot_flower":1,"minecraft:time_since_rest":29248,"minecraft:damage_taken":21805,"minecraft:damage_absorbed":464,"minecraft:swim_one_cm":29666,"minecraft:fly_one_cm":334687,"minecraft:open_chest":34,"minecraft:fall_one_cm":62274},"minecraft:killed_by":{"minecraft:creeper":1,"blue_skies:polargeist":6,"minecraft:vindicator":11,"blue_skies:summoner":9,"minecraft:zombie":4,"blue_skies:shrumpty":1,"minecraft:player":2,"minecraft:spider":1,"blue_skies:armored_frost_spirit":3,"blue_skies:artificial_golem":11,"minecraft:skeleton":2},"minecraft:dropped":{"minecraft:porkchop":3,"blue_skies:infused_arc_sword":2,"minecraft:glass_bottle":7,"minecraft:crafting_table":1,"blue_skies:briskbloom":4,"blue_skies:aquite_sword":1,"mowziesmobs:barako_mask":1,"minecraft:emerald":2,"minecraft:dirt":16,"blue_skies:turquoise_stone_pickaxe":2,"minecraft:packed_ice":2,"mowziesmobs:barakoa_mask_rage":2,"mowziesmobs:barakoa_mask_misery":1,"blue_skies:turquoise_cobblestone":11,"minecraft:mutton":2,"minecraft:snowball":8,"blue_skies:aquite_gem":27,"minecraft:sunflower":2,"minecraft:sugar":1,"minecraft:white_wool":5,"blue_skies:loot_bag":2,"minecraft:gravel":1,"blue_skies:cooked_carabeef":2,"minecraft:sugar_cane":6,"blue_skies:winter_leaf_seeds":2,"spartanweaponry:saber_iron":1,"blue_skies:turquoise_dirt":30,"minecraft:rotten_flesh":11,"minecraft:enchanted_golden_apple":2,"minecraft:glowstone_dust":1,"minecraft:light_gray_carpet":1,"mowziesmobs:barakoa_mask_bliss":1,"minecraft:cooked_mutton":6,"blue_skies:turquoise_dripstone":1,"blue_skies:glowing_blinding_stone":2,"minecraft:poppy":2,"blue_skies:soulbound_spear":3,"minecraft:tipped_arrow":210,"spartanweaponry:pole":1,"mowziesmobs:thatch_block":1,"minecraft:beef":10,"blue_skies:starlit_planks":4,"blue_skies:horizonite_sword":1,"minecraft:splash_potion":2,"minecraft:iron_ingot":42,"blue_skies:camellia":2,"minecraft:wheat_seeds":2,"minecraft:iron_helmet":2,"minecraft:cobblestone":67,"blue_skies:zeal_lighter":1,"blue_skies:bluebright_planks":19,"minecraft:stick":1,"mowziesmobs:barakoa_mask_faith":1,"minecraft:gray_wool":2,"minecraft:diorite":1,"minecraft:torch":1,"tombstone:grave_key":1,"minecraft:brown_wool":1,"blue_skies:turquoise_stone_sword":1,"minecraft:potion":12,"blue_skies:crushing_hammer":1,"minecraft:string":8,"spartanweaponry:longbow_netherite":1,"mowziesmobs:barakoa_mask_fear":2,"blue_skies:moonstone_shard":2,"blue_skies:summoner_trophy":2,"minecraft:filled_map":1,"blue_skies:starlit_log":2,"mowziesmobs:barakoa_mask_fury":5,"blue_skies:diopside_sword":2,"blue_skies:pyrope_pickaxe":1,"minecraft:iron_chestplate":1,"minecraft:andesite":2,"minecraft:oak_sapling":10,"minecraft:spider_eye":1,"blue_skies:pyrope_sword":2,"minecraft:sandstone":1,"blue_skies:blinding_stone":29,"blue_skies:ventium_ore":2},"minecraft:killed":{"blue_skies:armored_frost_spirit":21,"blue_skies:frost_spirit":3,"minecraft:witch":2,"blue_skies:azulfo":2,"minecraft:spider":4,"minecraft:cod":3,"minecraft:skeleton":1,"blue_skies:diophyde_prowler":2,"minecraft:chicken":2,"blue_skies:shrumpty":8,"minecraft:pig":3,"mowziesmobs:barakoan_player":4,"minecraft:creeper":1,"mowziesmobs:barakoa_sunblocker_player":10,"minecraft:sheep":1,"minecraft:zombie":7,"minecraft:cow":13,"blue_skies:snow_owl":1,"minecraft:vindicator":4,"minecraft:horse":1,"minecraft:drowned":7,"blue_skies:polargeist":6,"blue_skies:artificial_golem":38,"blue_skies:stardust_ram":4}},"DataVersion":2586}