{"stats":{"minecraft:killed_by":{"minecraft:creeper":2,"blue_skies:polargeist":6,"minecraft:ravager":2,"minecraft:vindicator":17,"blue_skies:summoner":9,"minecraft:zombie":10,"blue_skies:shrumpty":1,"minecraft:vex":1,"minecraft:player":11,"minecraft:spider":2,"minecraft:enderman":1,"blue_skies:armored_frost_spirit":3,"blue_skies:artificial_golem":11,"minecraft:skeleton":6},"minecraft:mined":{"blue_skies:moonstone":1,"blue_skies:snowcap_pinhead":2,"minecraft:granite":26,"blue_skies:taratite":8,"minecraft:grass_block":328,"blue_skies:brewberry_bush":33,"blue_skies:everbright_aquite_ore":25,"blue_skies:frostbright_vine":1,"blue_skies:snowcap_mushroom_stem":52,"blue_skies:snowcap_mushroom":7,"blue_skies:rimestone":9,"blue_skies:blue_fire":6,"minecraft:iron_ore":82,"minecraft:fire":56,"minecraft:fletching_table":1,"minecraft:azure_bluet":4,"blue_skies:spider_webbing":2,"blue_skies:camellia":2,"blue_skies:turquoise_stone":380,"minecraft:torch":1,"minecraft:chest":1,"minecraft:cobblestone":15,"minecraft:oak_planks":1,"minecraft:wall_torch":3,"mowziesmobs:thatch_block":2,"minecraft:birch_log":12,"minecraft:wheat":1,"minecraft:lilac":1,"blue_skies:moonstone_crystal":3,"sereneseasons:season_sensor":3,"minecraft:grass":203,"minecraft:oak_log":26,"blue_skies:brittlebush":1,"minecraft:sand":49,"minecraft:dirt":119,"minecraft:zombie_wall_head":1,"minecraft:oak_leaves":11,"blue_skies:everbright_pyrope_ore":49,"minecraft:diamond_ore":19,"blue_skies:frostbright_log":5,"blue_skies:coarse_turquoise_dirt":2,"blue_skies:chilled_lily_pad":1,"minecraft:sandstone":1,"minecraft:hay_block":6,"blue_skies:frostbright_bookshelf":1,"minecraft:redstone_ore":2,"minecraft:furnace":1,"minecraft:andesite":28,"blue_skies:everbright_moonstone_ore":161,"minecraft:stripped_spruce_log":1,"minecraft:potatoes":11,"blue_skies:turquoise_cobblestone":15,"blue_skies:turquoise_dripstone":5,"minecraft:packed_ice":2,"minecraft:stone":659,"minecraft:light_gray_carpet":2,"minecraft:glass_pane":6,"blue_skies:turquoise_grass":39,"blue_skies:starlit_log":2,"blue_skies:warding_pearl":1,"minecraft:dandelion":1,"minecraft:crafting_table":1,"blue_skies:briskbloom":6,"minecraft:tall_grass":35,"minecraft:lapis_ore":11,"blue_skies:snowcap_mushroom_block":9,"minecraft:diorite":48,"minecraft:blue_bed":1,"blue_skies:falsite_ore":20,"blue_skies:turquoise_grass_block":4,"minecraft:ice":3,"minecraft:birch_leaves":7,"minecraft:yellow_bed":8,"minecraft:grass_path":2,"blue_skies:ventium_ore":22,"blue_skies:everbright_charoite_ore":4,"minecraft:coal_ore":197,"blue_skies:bluebright_log":9,"blue_skies:turquoise_dirt":4,"minecraft:sunflower":9,"minecraft:gravel":10,"minecraft:cobweb":1,"minecraft:stone_bricks":15,"minecraft:gold_ore":6},"minecraft:crafted":{"minecraft:smooth_stone":12,"minecraft:oak_planks":168,"blue_skies:charoite_pickaxe":2,"blue_skies:soulbound_spear":3,"blue_skies:turquoise_stone_pickaxe":2,"minecraft:stone":477,"minecraft:cooked_mutton":9,"blue_skies:aquite_helmet":1,"minecraft:iron_boots":1,"tombstone:grave_key":2,"blue_skies:aquite_pickaxe":1,"minecraft:chest":5,"minecraft:stone_bricks":468,"blue_skies:pyrope_sword":1,"spartanweaponry:saber_diamond":1,"blue_skies:blue_journal":1,"sophisticatedbackpacks:backpack":1,"blue_skies:aquite_leggings":2,"minecraft:cooked_porkchop":6,"blue_skies:pyrope_helmet":3,"minecraft:crafting_table":6,"blue_skies:aquite_sword":1,"minecraft:iron_helmet":1,"minecraft:wooden_pickaxe":2,"minecraft:baked_potato":8,"blue_skies:aquite_axe":1,"minecraft:pumpkin_seeds":1,"blue_skies:tool_box":1,"blue_skies:pyrope_axe":1,"blue_skies:bluebright_crafting_table":3,"minecraft:wooden_hoe":1,"blue_skies:pyrope_pickaxe":3,"minecraft:stick":56,"blue_skies:ventium_bucket":1,"minecraft:iron_ingot":96,"minecraft:iron_pickaxe":1,"minecraft:iron_block":3,"spartanweaponry:scythe_stone":2,"minecraft:gold_ingot":6,"blue_skies:frostbright_crafting_table":1,"blue_skies:aquite_shovel":1,"blue_skies:turquoise_stone_axe":2,"minecraft:wooden_sword":1,"blue_skies:frostbright_planks":12,"minecraft:stone_shovel":2,"blue_skies:bluebright_planks":32,"blue_skies:falsite_ingot":40,"minecraft:furnace":9,"minecraft:blast_furnace":1,"minecraft:bone_meal":15,"minecraft:flint_and_steel":1,"blue_skies:cooked_carabeef":1,"blue_skies:turquoise_stone_sword":2,"minecraft:stone_pickaxe":1,"blue_skies:pyrope_boots":1,"minecraft:cooked_beef":16,"blue_skies:moonstone_shield":2,"paraglider:paraglider":1,"minecraft:cooked_cod":1,"spartanweaponry:pole":5,"blue_skies:ventium_shears":1,"blue_skies:pyrope_chestplate":1,"spartanweaponry:handle":1,"blue_skies:ventium_ingot":21,"minecraft:oak_boat":1,"blue_skies:bluebright_stick":4,"blue_skies:charoite":8,"minecraft:wooden_axe":1,"minecraft:anvil":1,"minecraft:torch":24,"blue_skies:aquite_gem":25},"minecraft:picked_up":{"sereneseasons:calendar":1,"mowziesmobs:barakoa_mask_faith":3,"blue_skies:horizonite_sword":1,"blue_skies:turquoise_dripstone":10,"tombstone:grave_key":2,"blue_skies:soulbound_spear":8,"minecraft:brewing_stand":1,"minecraft:string":22,"blue_skies:rimestone":8,"blue_skies:frostbright_log":5,"blue_skies:glowing_blinding_stone":6,"minecraft:zombie_head":2,"blue_skies:ventium_ore":23,"spartanweaponry:drowned_head":4,"minecraft:furnace":2,"minecraft:tipped_arrow":3,"blue_skies:snowcap_mushroom":7,"minecraft:stick":13,"blue_skies:pyrope_boots":1,"minecraft:torch":5,"blue_skies:moonstone_shield":2,"minecraft:porkchop":9,"tombstone:grave_dust":10,"minecraft:diorite":47,"blue_skies:aquite_gem":24,"blue_skies:bluebright_planks":38,"blue_skies:bluebright_crafting_table":1,"minecraft:rotten_flesh":55,"blue_skies:pyrope_sword":1,"blue_skies:falsite_ore":40,"blue_skies:warding_pearl":1,"mowziesmobs:barakoa_mask_misery":1,"minecraft:cod":1,"minecraft:snowball":24,"minecraft:cobblestone":757,"paraglider:paraglider":2,"minecraft:birch_log":12,"minecraft:cooked_beef":1,"minecraft:feather":5,"minecraft:lilac":1,"minecraft:andesite":33,"blue_skies:brewberry":47,"minecraft:brown_wool":1,"blue_skies:aquite_leggings":3,"mowziesmobs:barakoa_mask_fury":12,"minecraft:potato":37,"minecraft:flint":2,"minecraft:lapis_lazuli":68,"minecraft:dirt":477,"minecraft:bone":17,"minecraft:bow":2,"minecraft:wheat_seeds":34,"blue_skies:camellia":2,"blue_skies:coarse_turquoise_dirt":1,"minecraft:fletching_table":1,"minecraft:glowstone_dust":2,"spartanweaponry:saber_iron":1,"minecraft:oak_planks":2,"blue_skies:snowcap_pinhead":42,"blue_skies:everbright_charoite_ore":8,"minecraft:sand":49,"blue_skies:ethereal_arc":1,"blue_skies:crushing_hammer":1,"minecraft:stripped_spruce_log":1,"blue_skies:pine_fruit_seeds":2,"minecraft:sugar":1,"minecraft:diamond":19,"blue_skies:blinding_stone":15,"minecraft:crossbow":1,"minecraft:granite":29,"minecraft:emerald":5,"blue_skies:cooked_carabeef":15,"minecraft:oak_sapling":17,"minecraft:light_gray_carpet":12,"blue_skies:pyrope_pickaxe":1,"minecraft:crafting_table":1,"minecraft:azure_bluet":4,"blue_skies:star_flare":3,"minecraft:chicken":2,"minecraft:packed_ice":22,"blue_skies:municipal_monkfish":1,"spartanweaponry:saber_stone":1,"minecraft:flint_and_steel":1,"minecraft:white_carpet":9,"minecraft:beef":39,"minecraft:oak_boat":2,"minecraft:poppy":2,"minecraft:sugar_cane":6,"minecraft:chest":1,"minecraft:birch_sapling":1,"minecraft:egg":4,"minecraft:sandstone":1,"minecraft:stone":13,"blue_skies:brewberry_bush":27,"minecraft:oak_door":2,"sophisticatedbackpacks:backpack":1,"blue_skies:carabeef":3,"blue_skies:summoner_trophy":2,"minecraft:redstone":8,"minecraft:arrow":8,"blue_skies:briskbloom":4,"mowziesmobs:barakoa_mask_fear":2,"minecraft:hay_block":6,"blue_skies:aquite_chestplate":1,"blue_skies:pyrope_helmet":1,"tombstone:essence_of_undeath":1,"minecraft:saddle":2,"minecraft:gold_ingot":1,"blue_skies:moonstone_shard":353,"minecraft:mutton":9,"minecraft:white_wool":6,"minecraft:leather":22,"sereneseasons:season_sensor":7,"blue_skies:frostbright_planks":7,"blue_skies:moonstone":2,"minecraft:ice":3,"spartanweaponry:scythe_stone":1,"blue_skies:loot_bag":2,"minecraft:oak_log":28,"blue_skies:turquoise_cobblestone":400,"minecraft:yellow_bed":7,"minecraft:gunpowder":9,"minecraft:blue_bed":1,"minecraft:white_banner":3,"tombstone:gift":1,"minecraft:cooked_mutton":6,"blue_skies:soul_fragment":21,"mowziesmobs:barakoa_mask_rage":3,"minecraft:apple":1,"minecraft:stone_bricks":31,"blue_skies:pyrope_gem":51,"blue_skies:aquite_axe":1,"blue_skies:taratite":5,"minecraft:iron_ingot":47,"minecraft:iron_ore":83,"tombstone:bag_of_seeds":1,"blue_skies:falsite_ingot":5,"minecraft:glass_bottle":3,"mowziesmobs:thatch_block":5,"blue_skies:moonstone_crystal":6,"minecraft:book":5,"blue_skies:winter_leaf_seeds":2,"blue_skies:turquoise_dirt":32,"minecraft:gravel":7,"mowziesmobs:barakoa_mask_bliss":1,"blue_skies:bluebright_log":8,"blue_skies:everbright_aquite_ore":52,"minecraft:gold_ore":6,"blue_skies:starlit_log":2,"minecraft:spider_eye":1,"blue_skies:loot_bag_summoner":1,"blue_skies:aquite_sword":1,"blue_skies:starlit_planks":2,"minecraft:iron_helmet":2,"minecraft:gray_wool":2,"tombstone:magic_scroll":1,"blue_skies:aquite_boots":1,"minecraft:coal":227,"minecraft:sunflower":5},"minecraft:killed":{"blue_skies:armored_frost_spirit":21,"blue_skies:frost_spirit":3,"minecraft:witch":2,"minecraft:spider":7,"blue_skies:azulfo":2,"minecraft:cod":3,"minecraft:skeleton":6,"blue_skies:diophyde_prowler":2,"minecraft:chicken":2,"blue_skies:shrumpty":8,"minecraft:pig":3,"mowziesmobs:barakoan_player":4,"minecraft:creeper":2,"mowziesmobs:barakoa_sunblocker_player":10,"minecraft:sheep":2,"minecraft:pillager":5,"minecraft:zombie":22,"minecraft:cow":15,"blue_skies:snow_owl":1,"minecraft:vindicator":6,"minecraft:horse":1,"minecraft:drowned":7,"blue_skies:polargeist":6,"blue_skies:artificial_golem":38,"blue_skies:stardust_ram":4,"minecraft:enderman":1},"minecraft:broken":{"blue_skies:pyrope_boots":1,"blue_skies:aquite_chestplate":1,"blue_skies:aquite_boots":2,"blue_skies:aquite_leggings":1,"minecraft:wooden_axe":1,"blue_skies:aquite_helmet":2,"minecraft:stone_shovel":1,"blue_skies:moonstone_shield":1,"spartanweaponry:scythe_stone":2,"blue_skies:pyrope_pickaxe":3,"blue_skies:pyrope_leggings":1,"minecraft:flint_and_steel":1,"blue_skies:aquite_sword":1,"minecraft:wooden_pickaxe":2,"blue_skies:aquite_shovel":1,"blue_skies:aquite_pickaxe":1},"minecraft:custom":{"minecraft:interact_with_crafting_table":124,"minecraft:open_barrel":10,"minecraft:bell_ring":28,"minecraft:interact_with_keystone":26,"minecraft:leave_game":10,"minecraft:time_since_death":6566,"minecraft:damage_resisted":430,"minecraft:sprint_one_cm":1399087,"minecraft:damage_blocked_by_shield":4811,"minecraft:drop":245,"minecraft:talked_to_villager":27,"minecraft:deaths":83,"tombstone:tomb_raiding":1,"minecraft:jump":6763,"minecraft:interact_with_brewingstand":8,"minecraft:walk_on_water_one_cm":46687,"minecraft:interact_with_furnace":176,"minecraft:traded_with_villager":2,"minecraft:play_one_minute":782799,"minecraft:sleep_in_bed":26,"minecraft:damage_dealt":41545,"minecraft:player_kills":7,"minecraft:crouch_one_cm":2528,"tombstone:undead_killed":41,"minecraft:interact_with_smoker":1,"minecraft:horse_one_cm":463829,"minecraft:interact_with_smithing_table":1,"minecraft:interact_with_anvil":2,"minecraft:mob_kills":194,"minecraft:damage_dealt_resisted":39,"minecraft:climb_one_cm":8786,"minecraft:walk_one_cm":2869764,"minecraft:interact_with_snowcap_oven":6,"minecraft:sneak_time":1021,"minecraft:walk_under_water_one_cm":65535,"minecraft:boat_one_cm":634941,"minecraft:interact_with_blast_furnace":26,"tombstone:raider_killed":13,"minecraft:pot_flower":1,"minecraft:interact_with_tool_box":13,"minecraft:time_since_rest":6340,"minecraft:damage_taken":33353,"minecraft:damage_absorbed":464,"minecraft:swim_one_cm":29849,"minecraft:fly_one_cm":513047,"minecraft:open_chest":128,"minecraft:fall_one_cm":86191},"minecraft:used":{"blue_skies:aquite_sword":645,"minecraft:chest":5,"minecraft:rotten_flesh":4,"minecraft:mutton":2,"minecraft:snowball":16,"minecraft:stripped_spruce_log":1,"minecraft:packed_ice":4,"blue_skies:bluebright_planks":13,"minecraft:birch_sapling":1,"blue_skies:bluebright_crafting_table":3,"minecraft:stone_bricks":693,"blue_skies:ventium_lava_bucket":5,"blue_skies:aquite_pickaxe":284,"blue_skies:carabeef":2,"minecraft:furnace":10,"minecraft:cooked_cod":1,"minecraft:beetroot_seeds":3,"blue_skies:charoite_pickaxe":573,"minecraft:egg":4,"minecraft:potato":37,"blue_skies:turquoise_stone_pickaxe":102,"blue_skies:bluebright_spear":122,"blue_skies:glowing_blinding_stone":7,"minecraft:diorite":6,"blue_skies:pyrope_axe":120,"blue_skies:cryo_root":2,"blue_skies:pyrope_sword":170,"minecraft:stone_pickaxe":58,"blue_skies:turquoise_cobblestone":96,"minecraft:wooden_pickaxe":122,"minecraft:blue_bed":1,"blue_skies:chiseled_turquoise_stonebrick":34,"blue_skies:infused_arc_sword":110,"blue_skies:different_sword":11,"minecraft:sand":48,"minecraft:blast_furnace":1,"spartanweaponry:saber_diamond":169,"blue_skies:municipal_monkfish":1,"blue_skies:ventium_water_bucket":14,"blue_skies:aquite_axe":2,"minecraft:pumpkin_seeds":3,"blue_skies:tool_box":1,"blue_skies:brewberry":49,"blue_skies:moonstone_shield":115,"minecraft:zombie_head":1,"minecraft:bread":2,"blue_skies:cooked_carabeef":14,"tombstone:grave_key":24,"minecraft:gravel":1,"minecraft:lilac":1,"minecraft:wooden_sword":71,"minecraft:andesite":4,"blue_skies:turquoise_stone_axe":34,"minecraft:ice":3,"minecraft:oak_boat":3,"sereneseasons:season_sensor":4,"minecraft:air":1,"minecraft:bone_meal":15,"blue_skies:soulbound_spear":382,"minecraft:flint_and_steel":113,"minecraft:stone_shovel":177,"minecraft:light_gray_carpet":1,"blue_skies:blinding_stone":3,"minecraft:cooked_salmon":8,"blue_skies:turquoise_stone_sword":19,"minecraft:oak_door":2,"minecraft:torch":25,"minecraft:dirt":39,"minecraft:anvil":1,"blue_skies:turquoise_dirt":2,"blue_skies:aquite_shovel":274,"minecraft:wooden_axe":45,"carryon:entity_item":1,"blue_skies:warding_pearl":1,"blue_skies:brewberry_bush":1,"blue_skies:coarse_turquoise_dirt":1,"tombstone:gift":6,"minecraft:cooked_beef":17,"minecraft:enchanted_golden_apple":2,"blue_skies:moonstone":2,"minecraft:wheat_seeds":2,"minecraft:cooked_mutton":44,"tombstone:scroll_of_reach":2,"spartanweaponry:scythe_stone":281,"blue_skies:taratite":5,"minecraft:baked_potato":8,"blue_skies:horizonite_sword":13,"blue_skies:frostbright_crafting_table":1,"minecraft:fletching_table":1,"spartanweaponry:dynamite":1,"minecraft:crafting_table":9,"mowziesmobs:thatch_block":14,"minecraft:white_bed":1,"minecraft:spruce_log":1,"tombstone:bag_of_seeds":1,"minecraft:oak_log":3,"blue_skies:diopside_sword":157,"minecraft:wooden_hoe":36,"minecraft:apple":1,"minecraft:sunflower":3,"minecraft:iron_pickaxe":125,"blue_skies:bluebright_door":2,"blue_skies:frostbright_log":2,"minecraft:stone_axe":1,"minecraft:cobblestone":52,"blue_skies:pyrope_pickaxe":606,"minecraft:potion":7,"blue_skies:loot_bag_summoner":1,"minecraft:white_banner":2,"blue_skies:ventium_bucket":20,"minecraft:cooked_porkchop":6,"minecraft:yellow_bed":7,"minecraft:smooth_stone":9,"spartanweaponry:tomahawk_diamond":11,"minecraft:splash_potion":1},"minecraft:dropped":{"minecraft:porkchop":3,"blue_skies:infused_arc_sword":2,"minecraft:ender_pearl":1,"minecraft:glass_bottle":7,"minecraft:crafting_table":1,"blue_skies:briskbloom":4,"blue_skies:aquite_sword":1,"mowziesmobs:barako_mask":1,"minecraft:emerald":2,"minecraft:dirt":484,"blue_skies:turquoise_stone_pickaxe":2,"minecraft:packed_ice":2,"mowziesmobs:barakoa_mask_misery":1,"mowziesmobs:barakoa_mask_rage":2,"blue_skies:turquoise_cobblestone":24,"minecraft:mutton":2,"minecraft:snowball":8,"blue_skies:aquite_leggings":2,"blue_skies:aquite_gem":51,"minecraft:sunflower":2,"minecraft:sugar":1,"paraglider:paraglider":2,"minecraft:white_wool":5,"biomesoplenty:burning_blossom":1,"sereneseasons:calendar":3,"blue_skies:loot_bag":2,"minecraft:gravel":1,"blue_skies:cooked_carabeef":2,"minecraft:sugar_cane":6,"blue_skies:winter_leaf_seeds":2,"spartanweaponry:saber_iron":1,"blue_skies:pyrope_shovel":1,"blue_skies:turquoise_dirt":30,"minecraft:rotten_flesh":56,"minecraft:oak_planks":2,"minecraft:enchanted_golden_apple":2,"minecraft:glowstone_dust":2,"minecraft:light_gray_carpet":11,"mowziesmobs:barakoa_mask_bliss":1,"minecraft:cooked_mutton":6,"minecraft:azure_bluet":2,"blue_skies:turquoise_dripstone":1,"blue_skies:glowing_blinding_stone":2,"minecraft:poppy":2,"blue_skies:soulbound_spear":3,"minecraft:tipped_arrow":210,"minecraft:gunpowder":6,"spartanweaponry:pole":1,"mowziesmobs:thatch_block":1,"minecraft:arrow":5,"minecraft:beef":10,"blue_skies:starlit_planks":4,"blue_skies:horizonite_sword":1,"minecraft:splash_potion":2,"minecraft:iron_ingot":42,"blue_skies:pyrope_boots":1,"blue_skies:camellia":2,"minecraft:wheat_seeds":17,"minecraft:iron_helmet":2,"minecraft:feather":2,"minecraft:cobblestone":82,"minecraft:granite":39,"blue_skies:zeal_lighter":1,"blue_skies:bluebright_planks":19,"minecraft:stick":9,"mowziesmobs:barakoa_mask_faith":1,"blue_skies:turquoise_stone_axe":1,"minecraft:gray_wool":2,"sereneseasons:season_sensor":6,"minecraft:diorite":7,"blue_skies:bluebright_crafting_table":1,"minecraft:torch":10,"tombstone:grave_key":2,"minecraft:brown_wool":1,"blue_skies:turquoise_stone_sword":1,"tombstone:grave_dust":8,"minecraft:potion":12,"blue_skies:aquite_pickaxe":1,"blue_skies:crushing_hammer":1,"minecraft:white_banner":1,"minecraft:string":15,"spartanweaponry:longbow_netherite":1,"blue_skies:diopside_axe":1,"minecraft:white_carpet":9,"mowziesmobs:barakoa_mask_fear":2,"blue_skies:moonstone_shard":2,"blue_skies:summoner_trophy":2,"minecraft:filled_map":1,"blue_skies:starlit_log":2,"mowziesmobs:barakoa_mask_fury":5,"blue_skies:diopside_sword":3,"blue_skies:pyrope_pickaxe":1,"minecraft:iron_chestplate":1,"minecraft:andesite":11,"minecraft:oak_sapling":10,"minecraft:spider_eye":1,"blue_skies:pyrope_helmet":1,"blue_skies:pyrope_sword":2,"minecraft:sandstone":1,"minecraft:bow":1,"blue_skies:blinding_stone":29,"blue_skies:ventium_ore":2}},"DataVersion":2586}